-- Registered user
INSERT INTO gamehub.registered_user (Email, Username, Password, DateRegistered, ProfilePicture, AboutSection, is_superuser, first_name, last_name, is_staff, is_active, date_joined) VALUES
('viktor@email.com', 'viktor', 'pbkdf2_sha256$720000$Te1f1foRoQ54Z1NtaWGCbi$2ztYcKnX9Lh3U0JCSw2nH19R+5VoFZWxxnmYbNFGp5I=', NOW(), NULL, 'git status', False, '', '', False, True, NOW()),    -- Admin
('tadija@email.com', 'tadija', 'pbkdf2_sha256$720000$ursIUR4O1MMLqjjkpgtISN$R/2ThYtEr52Bek0ttHhafSS0rTu72Z5I/+Z+GRtt9tk=', NOW(), NULL, 'Java and chill.', False, '', '', False, True, NOW()),    -- Admin
('nemanja@email.com', 'nemanja', 'pbkdf2_sha256$720000$nkCkkPrh2pduiYuUJOcwaD$AtkLA+Xj/VVN5CApId5Qy2STwzAHtWchWHUeFSujjHY=', NOW(), NULL, 'Database god.', False, '', '', False, True, NOW()),    -- Admin
('mihajlo@email.com', 'mihajlo', 'pbkdf2_sha256$720000$I5k7rQqupd5nTQgwxS8tSS$G6xDosa7e/y11i6nsszbXdTMRzkDuFpSrujwqiGyf5M=', NOW(), NULL, 'Are you challenging me?', False, '', '', False, True, NOW()),    -- Admin
("AquaLynx@gmail.com", "AquaLynx", "P@ssw0rd1!", NOW(), NULL, "Nature enthusiast, aspiring photographer, and coffee lover.", False, '', '', False, True, NOW()),
("BlazePhoenix@yahoo.com", "BlazePhoenix", "S3cur3P@ss2#", NOW(), NULL, "Adventure seeker, passionate about wildlife conservation.", False, '', '', False, True, NOW()),
("CloudJumper@hotmail.com", "CloudJumper", "T!g3rL!0n3$", NOW(), NULL, "Stargazer, bookworm, and avid traveler.", False, '', '', False, True, NOW()),
("DuskRider@outlook.com", "DuskRider", "H@wkE@gl3#", NOW(), NULL, "Night owl, gamer, and pizza connoisseur.", False, '', '', False, True, NOW()),
("EmberLion@aol.com", "EmberLion", "C0br@Sn@k3!", NOW(), NULL, "Creative soul, music lover, and outdoor enthusiast.", False, '', '', False, True, NOW()),
("FrostHawk@gmail.com", "FrostHawk", "W0lfF0x8$", NOW(), NULL, "Winter lover, hot chocolate aficionado, and fitness enthusiast.", False, '', '', False, True, NOW()),
("GlimmerWolf@yahoo.com", "GlimmerWolf", "Ph0en!xBl@ze$", NOW(), NULL, "Tech geek, coffee addict, and DIY enthusiast.", False, '', '', False, True, NOW()),
("HaloKnight@hotmail.com", "HaloKnight", "Dr@g0nFl@me1#", NOW(), NULL, "Sci-fi fan, fitness enthusiast, and dog lover.", False, '', '', False, True, NOW()),
("IceViper@outlook.com", "IceViper", "P@nth3rT1g3r#", NOW(), NULL, "Ice cream lover, snowboarding enthusiast, and aspiring chef.", False, '', '', False, True, NOW()),
("JoltFalcon@aol.com", "JoltFalcon", "L!0nLe0p@rd1$", NOW(), NULL, "Coffee addict, adrenaline junkie, and movie buff.", False, '', '', False, True, NOW()),
("KarmaSage@gmail.com", "KarmaSage", "E@g1eH@wk2#", NOW(), NULL, "Yoga enthusiast, spiritual seeker, and animal lover.", False, '', '', False, True, NOW()),
("LunarTiger@yahoo.com", "LunarTiger", "B3@rW0lf3$", NOW(), NULL, "Moon gazer, poet, and tea aficionado.", False, '', '', False, True, NOW()),
("MysticFox@hotmail.com", "MysticFox", "T!g3rC0br@1!", NOW(), NULL, "Tarot enthusiast, book lover, and dreamer.", False, '', '', False, True, NOW()),
("NeonCobra@outlook.com", "NeonCobra", "Sn@k3H0rnet3#", NOW(), NULL, "Neon lights admirer, urban explorer, and street food lover.", False, '', '', False, True, NOW()),
("OmegaRaven@gmail.com", "OmegaRaven", "V!p3rH@wk4$", NOW(), NULL, "Sci-fi nerd, tech enthusiast, and coding aficionado.", False, '', '', False, True, NOW()),
("PhantomDrake@yahoo.com", "PhantomDrake", "R@v3nCr0w2#", NOW(), NULL, "Mystery fan, ghost story lover, and midnight adventurer.", False, '', '', False, True, NOW()),
("QuantumLeopard@hotmail.com", "QuantumLeopard", "F@1c0nH@wk3!", NOW(), NULL, "Science geek, quantum physics enthusiast, and math wizard.", False, '', '', False, True, NOW()),
("RadiantPanther@outlook.com", "RadiantPanther", "W0lfB3@r3#", NOW(), NULL, "Sunshine seeker, beach lover, and vitamin D enthusiast.", False, '', '', False, True, NOW()),
("ShadowSerpent@gmail.com", "ShadowSerpent", "B@dm1nt0nP@ss1!", NOW(), NULL, "Night crawler, horror movie fan, and black coffee aficionado.", False, '', '', False, True, NOW()),
("ThunderEagle@yahoo.com", "ThunderEagle", "V@ll3yB@ll2$", NOW(), NULL, "Thunderstorm lover, music enthusiast, and adrenaline junkie.", False, '', '', False, True, NOW()),
("UltraFalcon@hotmail.com", "UltraFalcon", "Cr!ck3tT3am3#", NOW(), NULL, "Extreme sports enthusiast, fitness junkie, and health nut.", False, '', '', False, True, NOW()),
("VortexBear@outlook.com", "VortexBear", "F00tb@llP@ss4!", NOW(), NULL, "Nature lover, storm chaser, and photography enthusiast.", False, '', '', False, True, NOW()),
("WhisperOwl@gmail.com", "WhisperOwl", "H0ck3yS!ck2#", NOW(), NULL, "ASMR enthusiast, nature lover, and introverted soul.", False, '', '', False, True, NOW()),
("XenoTiger@yahoo.com", "XenoTiger", "T3nn!sB@ll1$", NOW(), NULL, "Alien enthusiast, sci-fi fan, and conspiracy theorist.", False, '', '', False, True, NOW()),
("ZenithWolf@hotmail.com", "ZenithWolf", "R@v3nDr@g0n3!", NOW(), NULL, "Zen seeker, meditation enthusiast, and mindfulness practitioner.", False, '', '', False, True, NOW()),
("ArcticFang@outlook.com", "ArcticFang", "Sn@k3Ph0en!x4$", NOW(), NULL, "Polar bear admirer, ice fishing enthusiast, and winter sports lover.", False, '', '', False, True, NOW()),
("BlazeHornet@gmail.com", "BlazeHornet", "T1g3rW0lf2#", NOW(), NULL, "Fire dancer, campfire enthusiast, and barbecue master.", False, '', '', False, True, NOW()),
("CosmicTide@yahoo.com", "CosmicTide", "B3@rE@g1e1$", NOW(), NULL, "Space enthusiast, astronomy lover, and star gazer.", False, '', '', False, True, NOW()),
("DreamWeaver@hotmail.com", "DreamWeaver", "Ph@nt0mGh0st3!", NOW(), NULL, "Lucid dreamer, fantasy fan, and daydream believer.", False, '', '', False, True, NOW()),
("EclipseBlade@outlook.com", "EclipseBlade", "Sh@d0wN!ght4#", NOW(), NULL, "Eclipse chaser, astronomy enthusiast, and celestial observer.", False, '', '', False, True, NOW()),
("FlameShadow@gmail.com", "FlameShadow", "L!ghtB!rd5$", NOW(), NULL, "Fire performer, candle maker, and spicy food lover.", False, '', '', False, True, NOW()),
("GhostHunter@yahoo.com", "GhostHunter", "N3onGl0w1!", NOW(), NULL, "Paranormal enthusiast, ghost hunter, and horror movie buff.", False, '', '', False, True, NOW()),
("HexStorm@hotmail.com", "HexStorm", "M0n0chr0m3S0l2#", NOW(), NULL, "Witchcraft enthusiast, crystal collector, and tarot reader.", False, '', '', False, True, NOW()),
("IronWolf@outlook.com", "IronWolf", "V!b3r@t10nS@nd3$", NOW(), NULL, "Metalhead, weightlifting enthusiast, and iron chef.", False, '', '', False, True, NOW()),
("JadeDragon@gmail.com", "JadeDragon", "R@d!@ntL!ght2!", NOW(), NULL, "Crystal collector, nature lover, and zen gardener.", False, '', '', False, True, NOW()),
("KnightViper@yahoo.com", "KnightViper", "Ecl!ps3S0l@r3$", NOW(), NULL, "Medieval enthusiast, sword collector, and chivalry advocate.", False, '', '', False, True, NOW()),
("LunaGhost@hotmail.com", "LunaGhost", "Bl@ckH0l3N3b1#", NOW(), NULL, "Moon lover, lunar photographer, and nocturnal creature.", False, '', '', False, True, NOW()),
("MysticDusk@outlook.com", "MysticDusk", "Qu@ntumL3@p2$", NOW(), NULL, "Mystic seeker, spiritual wanderer, and crystal healer.", False, '', '', False, True, NOW()),
("NebulaKnight@gmail.com", "NebulaKnight", "St@rD@zzl3!", NOW(), NULL, "Space explorer, sci-fi fan, and astrophotographer.", False, '', '', False, True, NOW()),
("OnyxLynx@yahoo.com", "OnyxLynx", "P@rt!cl3W@v3#", NOW(), NULL, "Gemstone collector, dark arts enthusiast, and gothic fashion lover.", False, '', '', False, True, NOW()),
("PlasmaCheetah@hotmail.com", "PlasmaCheetah", "H3ll0W0rld4!", NOW(), NULL, "Science enthusiast, plasma physicist, and lab rat.", False, '', '', False, True, NOW()),
("QuasarLion@outlook.com", "QuasarLion", "C0d3Cr@ck3r5$", NOW(), NULL, "Space fanatic, astronomy enthusiast, and astrophysics lover.", False, '', '', False, True, NOW()),
("RuneSparrow@gmail.com", "RuneSparrow", "P@ssw0rd123#", NOW(), NULL, "Rune reader, Norse mythology enthusiast, and Viking aficionado.", False, '', '', False, True, NOW()),
("StarWanderer@yahoo.com", "StarWanderer", "S3cur3P@ss456$", NOW(), NULL, "Star gazer, celestial navigator, and astrology enthusiast.", False, '', '', False, True, NOW()),
("ThunderFox@hotmail.com", "ThunderFox", "T!g3rL!0n789!", NOW(), NULL, "Storm chaser, lightning photographer, and weather enthusiast.", False, '', '', False, True, NOW()),
("UltraRaven@outlook.com", "UltraRaven", "H@wkE@gl3#90", NOW(), NULL, "Extreme sports enthusiast, adventure seeker, and adrenaline junkie.", False, '', '', False, True, NOW()),
("ViperStorm@gmail.com", "ViperStorm", "C0br@Sn@k3#78", NOW(), NULL, "Snake enthusiast, reptile lover, and venom researcher.", False, '', '', False, True, NOW()),
("WindStalker@yahoo.com", "WindStalker", "W0lfF0x890$", NOW(), NULL, "Wind chaser, kite surfer, and skydiving enthusiast.", False, '', '', False, True, NOW()),
("XenonFalcon@hotmail.com", "XenonFalcon", "Ph0en!xBl@ze567$", NOW(), NULL, "Chemistry enthusiast, element collector, and science geek.", False, '', '', False, True, NOW()),
("ZephyrKnight@outlook.com", "ZephyrKnight", "Dr@g0nFl@me123!", NOW(), NULL, "Wilderness explorer, camping enthusiast, and starlit camper.", False, '', '', False, True, NOW()),
("AzureHawk@gmail.com", "AzureHawk", "P@nth3rT1g3r345#", NOW(), NULL, "Tech-savvy gamer, virtual reality aficionado, and eSports enthusiast.", False, '', '', False, True, NOW()),
("BlazePanther@yahoo.com", "BlazePanther", "L!0nLe0p@rd678$", NOW(), NULL, "Travel junkie, passport collector, and cultural immersion advocate.", False, '', '', False, True, NOW()),
("CelestialWolf@hotmail.com", "CelestialWolf", "E@g1eH@wk901!", NOW(), NULL, "Art aficionado, museum enthusiast, and aspiring painter.", False, '', '', False, True, NOW()),
("DarkJester@outlook.com", "DarkJester", "B3@rW0lf123$", NOW(), NULL, "Musician at heart, guitar strummer, and concertgoer.", False, '', '', False, True, NOW()),
("EmberPhoenix@gmail.com", "EmberPhoenix", "T!g3rC0br@", NOW(), NULL, "Foodie explorer, culinary adventurer, and gastronomy enthusiast.", False, '', '', False, True, NOW()),
("FrostRider@yahoo.com", "FrostRider", "Sn@k3H0rnet456$", NOW(), NULL, "Fitness junkie, gym enthusiast, and protein shake aficionado.", False, '', '', False, True, NOW()),
("GlintReaper@hotmail.com", "GlintReaper", "V!p3rH@wk789!", NOW(), NULL, "Fashionista, trendsetter, and runway aficionado.", False, '', '', False, True, NOW()),
("HaloKnight@outlook.com", "IceDragon", "R@v3nCr0w345$", NOW(), NULL, "Bookworm, library dweller, and literary connoisseur.", False, '', '', False, True, NOW()),
("IceDragon@gmail.com", "JoltTiger", "F@1c0nH@wk678#", NOW(), NULL, "History buff, ancient civilization enthusiast, and relic collector.", False, '', '', False, True, NOW()),
("JoltTiger@yahoo.com", "KarmaViper", "W0lfB3@r901!", NOW(), NULL, "Environmentalist, tree hugger, and sustainability advocate.", False, '', '', False, True, NOW()),
("KarmaViper@hotmail.com", "LunarFalcon", "B@dm1nt0nP@ss123#", NOW(), NULL, "Movie buff, cinephile, and film festival fanatic.", False, '', '', False, True, NOW()),
("LunarFalcon@outlook.com", "MysticHunter", "V@ll3yB@ll456$", NOW(), NULL, "DIY enthusiast, Pinterest aficionado, and crafting extraordinaire.", False, '', '', False, True, NOW()),
("MysticHunter@gmail.com", "NeonLynx", "Cr!ck3tT3am789!", NOW(), NULL, "Animal lover, pet parent, and wildlife conservationist.", False, '', '', False, True, NOW()),
("NeonLynx@yahoo.com", "OmegaWolf", "F00tb@llP@ss345$", NOW(), NULL, "Beach bum, sun worshiper, and sandcastle architect.", False, '', '', False, True, NOW()),
("OmegaWolf@hotmail.com", "PhantomFox", "H0ck3yS!ck678#", NOW(), NULL, "Mountain climber, peak conqueror, and summit seeker.", False, '', '', False, True, NOW()),
("PhantomFox@outlook.com", "QuantumBear", "T3nn!sB@ll901!", NOW(), NULL, "Gardening enthusiast, plant parent, and green thumb.", False, '', '', False, True, NOW()),
("QuantumBear@gmail.com", "RadiantCobra", "R@v3nDr@g0n123$", NOW(), NULL, "Pet lover, animal shelter volunteer, and advocate for adoption.", False, '', '', False, True, NOW()),
("RadiantCobra@yahoo.com", "ShadowKnight", "Sn@k3Ph0en!x456#", NOW(), NULL, "Coffee aficionado, latte artist, and cafe hopper.", False, '', '', False, True, NOW()),
("ShadowKnight@hotmail.com", "ThunderDrake", "T1g3rW0lf789!", NOW(), NULL, "Tea connoisseur, loose-leaf enthusiast, and afternoon tea lover.", False, '', '', False, True, NOW()),
("ThunderDrake@outlook.com", "UltraPanther", "B3@rE@g1e345$", NOW(), NULL, "Photography enthusiast, shutterbug, and Instagram influencer.", False, '', '', False, True, NOW()),
("UltraPanther@gmail.com", "VortexLynx", "Ph@nt0mGh0st678#", NOW(), NULL, "Adventure junkie, adrenaline seeker, and thrill ride enthusiast.", False, '', '', False, True, NOW()),
("VortexLynx@yahoo.com", "WhisperFalcon", "Sh@d0wN!ght901!", NOW(), NULL, "Nature lover, tree hugger, and wilderness conservationist.", False, '', '', False, True, NOW()),
("WhisperFalcon@hotmail.com", "XenoSerpent", "L!ghtB!rd123$", NOW(), NULL, "Science nerd, lab rat, and research enthusiast.", False, '', '', False, True, NOW()),
("XenoSerpent@outlook.com", "ZenithTiger", "N3onGl0w456#", NOW(), NULL, "Digital nomad, remote worker, and travel blogger.", False, '', '', False, True, NOW()),
("ZenithTiger@gmail.com", "ArcticKnight", "M0n0chr0m3S0l789!", NOW(), NULL, "Volunteer, philanthropist, and community activist.", False, '', '', False, True, NOW()),
("ArcticKnight@yahoo.com", "BlazeRaven", "V!b3r@t10nS@nd345$", NOW(), NULL, "Tech enthusiast, gadget guru, and early adopter.", False, '', '', False, True, NOW()),
("BlazeRaven@hotmail.com", "CosmicLion", "R@d!@ntL!ght678#", NOW(), NULL, "Space nerd, astronomy buff, and celestial observer.", False, '', '', False, True, NOW()),
("CosmicLion@outlook.com", "DreamHunter", "Ecl!ps3S0l@r901!", NOW(), NULL, "Food blogger, recipe creator, and culinary critic.", False, '', '', False, True, NOW()),
("DreamHunter@gmail.com", "EclipsePhoenix", "Bl@ckH0l3N3b123$", NOW(), NULL, "Fashion blogger, style influencer, and trendsetter.", False, '', '', False, True, NOW()),
("EclipsePhoenix@yahoo.com", "FlameWolf", "Qu@ntumL3@p456#", NOW(), NULL, "Fitness blogger, workout guru, and wellness advocate.", False, '', '', False, True, NOW()),
("FlameWolf@hotmail.com", "GhostRider", "St@rD@zzl3789!", NOW(), NULL, "Travel blogger, wanderlust seeker, and destination explorer.", False, '', '', False, True, NOW()),
("GhostRider@outlook.com", "HexCobra", "P@rt!cl3W@v345$", NOW(), NULL, "Health blogger, nutritionist, and wellness coach.", False, '', '', False, True, NOW()),
("HexCobra@gmail.com", "IronLynx", "H3ll0W0rld678#", NOW(), NULL, "Parent blogger, mompreneur, and family influencer.", False, '', '', False, True, NOW()),
("IronLynx@yahoo.com", "JadeFalcon", "C0d3Cr@ck3901!", NOW(), NULL, "Gamer blogger, Twitch streamer, and eSports commentator.", False, '', '', False, True, NOW()),
("JadeFalcon@hotmail.com", "KnightHunter", "S@turnV!be123$", NOW(), NULL, "Lifestyle blogger, influencer, and social media maven.", False, '', '', False, True, NOW()),
("KnightHunter@outlook.com", "LunaPanther", "M3rcuryM@x456#", NOW(), NULL, "Beauty blogger, makeup artist, and skincare guru.", False, '', '', False, True, NOW()),
("LunaPanther@gmail.com", "MysticBear", "Jup!terJ@z789!", NOW(), NULL, "Music blogger, concert reviewer, and playlist curator.", False, '', '', False, True, NOW()),
("MysticBear@yahoo.com", "NebulaFox", "V3nusV!vid345$", NOW(), NULL, "Book blogger, literary critic, and reading advocate.", False, '', '', False, True, NOW()),
("NebulaFox@hotmail.com", "OnyxKnight", "N3ptun3N@v678#", NOW(), NULL, "Outdoor blogger, hiking enthusiast, and nature advocate.", False, '', '', False, True, NOW()),
("OnyxKnight@outlook.com", "PlasmaTiger", "Ur@nusUrb901!", NOW(), NULL, "Art blogger, creative director, and design aficionado.", False, '', '', False, True, NOW()),
("PlasmaTiger@gmail.com", "QuasarDrake", "Plut0P@ss123$", NOW(), NULL, "DIY blogger, crafting expert, and handmade enthusiast.", False, '', '', False, True, NOW()),
("QuasarDrake@yahoo.com", "RuneViper", "St3ll@R@in456#", NOW(), NULL, "Animal blogger, pet influencer, and wildlife photographer.", False, '', '', False, True, NOW()),
("RuneViper@hotmail.com", "StarRider", "C0sm!cW!nd789!", NOW(), NULL, "Food critic, gourmet explorer, and culinary expert.", False, '', '', False, True, NOW()),
("StarRider@outlook.com", "ThunderPanther", "G@l@xyF!re345$", NOW(), NULL, "Fitness coach, personal trainer, and wellness mentor.", False, '', '', False, True, NOW()),
("ThunderPanther@gmail.com", "UltraBear", "Ast3r0idP@th678#", NOW(), NULL, "Fashion designer, style icon, and trendsetting influencer.", False, '', '', False, True, NOW()),
("UltraBear@yahoo.com", "ViperFalcon", "C0m3tFl@re901!", NOW(), NULL, "Health coach, wellness expert, and holistic healer.", False, '', '', False, True, NOW()),
("ViperFalcon@hotmail.com", "WindTiger", "P@r@ll@xP@ss123$", NOW(), NULL, "Parenting coach, child development specialist, and family counselor.", False, '', '', False, True, NOW()),
("WindTiger@outlook.com", "XenonCobra", "Ecl!ps3S0lar456#", NOW(), NULL, "Gaming coach, eSports trainer, and strategy mastermind.", False, '', '', False, True, NOW()),
("XenonCobra@gmail.com", "ZephyrRider", "Bl@ckH0le789!", NOW(), NULL, "Travel guide, adventure planner, and destination expert.", False, '', '', False, True, NOW()),
("ZephyrRider@yahoo.com", "AzureLion", "Qu@ntumJ@mp345$", NOW(), NULL, "Beauty consultant, makeup artist, and skincare specialist.", False, '', '', False, True, NOW()),
("AzureLion@hotmail.com", "BlazeWolf", "St@rB!ght678#", NOW(), NULL, "Music producer, sound engineer, and beatmaker.", False, '', '', False, True, NOW()),
("BlazeWolf@outlook.com", "CelestialDrake", "P@rt!cleW@ve901!", NOW(), NULL, "Book author, novelist, and literary wordsmith.", False, '', '', False, True, NOW()),
("CelestialDrake@gmail.com", "DarkPanther", "H3ll0W0rld123$", NOW(), NULL, "Outdoor guide, wilderness expert, and survival instructor.", False, '', '', False, True, NOW()),
("DarkPanther@yahoo.com", "EmberFalcon", "C0d3Cr@ck456#", NOW(), NULL, "Art curator, gallery owner, and creative entrepreneur.", False, '', '', False, True, NOW()),
("EmberFalcon@hotmail.com", "FrostSerpent", "P@ssword789!", NOW(), NULL, "Animal trainer, pet behaviorist, and wildlife rehabilitator.", False, '', '', False, True, NOW()),
("FrostSerpent@outlook.com", "GlintLynx", "S3cur3P@ss345$", NOW(), NULL, "Food stylist, culinary artist, and gastronomy expert.", False, '', '', False, True, NOW()),
("GlintLynx@gmail.com", "HaloViper", "T!gerL!on678#", NOW(), NULL, "Fitness instructor, gym owner, and workout motivator.", False, '', '', False, True, NOW()),
("HaloViper@yahoo.com", "IceKnight", "H@wkE@g1e901!", NOW(), NULL, "Fashion stylist, wardrobe consultant, and style influencer.", False, '', '', False, True, NOW()),
("IceKnight@hotmail.com", "JoltBear", "C0br@Sn@ke123$", NOW(), NULL, "Health educator, wellness speaker, and lifestyle coach.", False, '', '', False, True, NOW()),
("JoltBear@outlook.com", "KarmaFalcon", "W0lfF0x456#", NOW(), NULL, "Parenting expert, child psychologist, and family therapist.", False, '', '', False, True, NOW()),
("KarmaFalcon@gmail.com", "MysticPhoenix", "Ph0en!xBl@ze789!", NOW(), NULL, "Gaming journalist, video game reviewer, and eSports analyst.", False, '', '', False, True, NOW()),
("MysticPhoenix@hotmail.com", "NeonWolf", "Dr@g0nFl@me345$", NOW(), NULL, "Travel journalist, adventure writer, and destination explorer.", False, '', '', False, True, NOW()),
("NeonWolf@outlook.com", "OmegaPanther", "P@nth3rT1ger678#", NOW(), NULL, "Beauty influencer, makeup tutorial creator, and skincare reviewer.", False, '', '', False, True, NOW()),
("OmegaPanther@gmail.com", "PhantomLynx", "L!onLe0p@rd901!", NOW(), NULL, "Music journalist, concert reviewer, and album critic.", False, '', '', False, True, NOW()),
("PhantomLynx@yahoo.com", "QuantumCobra", "E@g1eH@wk123$", NOW(), NULL, "Book critic, literary analyst, and author interviewer.", False, '', '', False, True, NOW()),
("QuantumCobra@hotmail.com", "RadiantKnight", "B3@rW0lf456#", NOW(), NULL, "Outdoor photographer, adventure seeker, and landscape explorer.", False, '', '', False, True, NOW()),
("RadiantKnight@outlook.com", "ShadowRider", "T!gerC0br@789!", NOW(), NULL, "Art historian, museum curator, and gallery critic.", False, '', '', False, True, NOW()),
("ShadowRider@gmail.com", "ThunderLion", "Sn@k3H0rnet345$", NOW(), NULL, "Animal rights activist, wildlife protector, and conservation advocate.", False, '', '', False, True, NOW()),
("ThunderLion@yahoo.com", "UltraFox", "V!p3rH@wk678#", NOW(), NULL, "Food photographer, recipe developer, and culinary storyteller.", False, '', '', False, True, NOW()),
("UltraFox@hotmail.com", "WhisperCobra", "R@v3nCr0w901!", NOW(), NULL, "Fitness blogger, workout enthusiast, and healthy lifestyle advocate.", False, '', '', False, True, NOW()),
("WhisperCobra@gmail.com", "XenoRider", "F@1c0nH@wk123$", NOW(), NULL, "Fashion influencer, style icon, and trendsetter.", False, '', '', False, True, NOW()),
("XenoRider@yahoo.com", "ZenithPanther", "W0lfB3@r456#", NOW(), NULL, "Health blogger, wellness advocate, and holistic living enthusiast.", False, '', '', False, True, NOW()),
("ZenithPanther@hotmail.com", "ArcticLynx", "B@dm1nt0nP@ss789!", NOW(), NULL, "Parenting blogger, family influencer, and child development advocate.", False, '', '', False, True, NOW()),
("ArcticLynx@outlook.com", "BlazeTiger", "V@ll3yB@ll345$", NOW(), NULL, "Gaming enthusiast, eSports competitor, and Twitch streamer.", False, '', '', False, True, NOW()),
("BlazeTiger@gmail.com", "CosmicPhoenix", "Cr!ck3tT3am678#", NOW(), NULL, "Travel blogger, adventure seeker, and wanderlust traveler.", False, '', '', False, True, NOW()),
("CosmicPhoenix@yahoo.com", "DreamBear", "F00tb@llP@ss901!", NOW(), NULL, "Beauty blogger, makeup enthusiast, and skincare aficionado.", False, '', '', False, True, NOW()),
("DreamBear@hotmail.com", "EclipseRider", "T3nn!sB@ll456#", NOW(), NULL, "Music aficionado, concert-goer, and festival enthusiast.", False, '', '', False, True, NOW()),
("EclipseRider@outlook.com", "FlameCobra", "R@v3nDr@g0n789!", NOW(), NULL, "Bookworm, literature lover, and avid reader.", False, '', '', False, True, NOW()),
("FlameCobra@gmail.com", "GhostFalcon", "Sn@k3Ph0en!x345$", NOW(), NULL, "Outdoor enthusiast, hiking lover, and nature advocate.", False, '', '', False, True, NOW()),
("GhostFalcon@yahoo.com", "HexWolf", "T1g3rW0lf678#", NOW(), NULL, "Art lover, museum-goer, and gallery enthusiast.", False, '', '', False, True, NOW()),
("HexWolf@hotmail.com", "IronKnight", "B3@rE@g1e901!", NOW(), NULL, "Animal lover, pet parent, and wildlife conservation advocate.", False, '', '', False, True, NOW()),
("IronKnight@outlook.com", "JadeViper", "Ph@nt0mGh0st123$", NOW(), NULL, "Foodie, culinary explorer, and gastronomy aficionado.", False, '', '', False, True, NOW()),
("JadeViper@gmail.com", "KnightBear", "Sh@d0wN!ght456#", NOW(), NULL, "Fitness enthusiast, gym-goer, and wellness advocate.", False, '', '', False, True, NOW()),
("KnightBear@yahoo.com", "LunaFalcon", "L!ghtB!rd789!", NOW(), NULL, "Fashion enthusiast, style icon, and trendsetter.", False, '', '', False, True, NOW()),
("LunaFalcon@hotmail.com", "MysticLion", "N3onGl0w345$", NOW(), NULL, "Health and wellness enthusiast, mindfulness practitioner, and self-care advocate.", False, '', '', False, True, NOW()),
("MysticLion@outlook.com", "NebulaRider", "M0n0chr0m3S0l678#", NOW(), NULL, "Parent, childcare expert, and family life enthusiast.", False, '', '', False, True, NOW()),
("NebulaRider@gmail.com", "OnyxCobra", "V!b3r@t10nS@nd901!", NOW(), NULL, "Gamer, eSports fan, and virtual reality enthusiast.", False, '', '', False, True, NOW()),
("OnyxCobra@yahoo.com", "PlasmaPanther", "R@d!@ntL!ght123$", NOW(), NULL, "Technology enthusiast, gadget collector, and innovation follower.", False, '', '', False, True, NOW()),
("PlasmaPanther@hotmail.com", "QuasarFox", "Ecl!ps3S0l@r456#", NOW(), NULL, "Space explorer, astronomy aficionado, and cosmology enthusiast.", False, '', '', False, True, NOW()),
("QuasarFox@outlook.com", "RuneKnight", "Bl@ckH0l3N3b789!", NOW(), NULL, "Food lover, amateur chef, and culinary experimenter.", False, '', '', False, True, NOW()),
("RuneKnight@gmail.com", "StarFalcon", "Qu@ntumL3@p345$", NOW(), NULL, "Fitness junkie, gym rat, and marathon runner.", False, '', '', False, True, NOW()),
("StarFalcon@yahoo.com", "ThunderWolf", "St@rD@zzl3678#", NOW(), NULL, "Fashionista, trend follower, and style influencer.", False, '', '', False, True, NOW()),
("ThunderWolf@hotmail.com", "UltraTiger", "P@rt!cl3W@v901!", NOW(), NULL, "Health nut, organic food advocate, and fitness guru.", False, '', '', False, True, NOW()),
("UltraTiger@outlook.com", "ViperBear", "H3ll0W0rld123$", NOW(), NULL, "Parent, mentor, and role model for the next generation.", False, '', '', False, True, NOW()),
("ViperBear@gmail.com", "WindPhoenix", "C0d3Cr@ck456#", NOW(), NULL, "Gamer, strategist, and virtual world conqueror.", False, '', '', False, True, NOW()),
("WindPhoenix@yahoo.com", "XenonRider", "P@ssword789!", NOW(), NULL, "Traveler, wanderer, and cultural explorer.", False, '', '', False, True, NOW()),
("XenonRider@hotmail.com", "ZephyrLynx", "S3cur3P@ss345$", NOW(), NULL, "Beauty enthusiast, skincare junkie, and makeup addict.", False, '', '', False, True, NOW()),
("ZephyrLynx@outlook.com", "AzureFalcon", "T!gerL!on678#", NOW(), NULL, "Music lover, concert-goer, and vinyl collector.", False, '', '', False, True, NOW()),
("AzureFalcon@gmail.com", "BlazeKnight", "H@wkE@g1e901!", NOW(), NULL, "Bookworm, literary critic, and storytelling aficionado.", False, '', '', False, True, NOW()),
("BlazeKnight@yahoo.com", "CelestialBear", "C0br@Sn@ke123$", NOW(), NULL, "Outdoor adventurer, nature lover, and wilderness explorer.", False, '', '', False, True, NOW()),
("CelestialBear@hotmail.com", "DarkCobra", "W0lfF0x456#", NOW(), NULL, "Art admirer, gallery hopper, and creative expressionist.", False, '', '', False, True, NOW()),
("DarkCobra@outlook.com", "FrostPanther", "Ph0en!xBl@ze789!", NOW(), NULL, "Animal lover, wildlife protector, and pet rescuer.", False, '', '', False, True, NOW()),
("EmberLion@gmail.com", "GlintFalcon", "Dr@g0nFl@me345$", NOW(), NULL, "Food connoisseur, culinary critic, and gastronomy expert.", False, '', '', False, True, NOW()),
("FrostPanther@yahoo.com", "HaloFox", "P@nth3rT1ger678#", NOW(), NULL, "Fitness fanatic, gym enthusiast, and workout warrior.", False, '', '', False, True, NOW()),
("GlintFalcon@hotmail.com", "IceTiger", "L!onLe0p@rd901!", NOW(), NULL, "Fashion icon, trendsetter, and style visionary.", False, '', '', False, True, NOW()),
("HaloFox@outlook.com", "JoltCobra", "E@g1eH@wk123$", NOW(), NULL, "Health advocate, wellness coach, and holistic healer.", False, '', '', False, True, NOW()),
("IceTiger@gmail.com", "KarmaKnight", "B3@rW0lf456#", NOW(), NULL, "Parent, caregiver, and nurturer of young minds.", False, '', '', False, True, NOW()),
("JoltCobra@yahoo.com", "LunarWolf", "T!gerC0br@789!", NOW(), NULL, "Gamer, eSports competitor, and digital strategist.", False, '', '', False, True, NOW()),
("KarmaKnight@hotmail.com", "MysticTiger", "Sn@k3H0rnet345$", NOW(), NULL, "Travel enthusiast, wanderlust seeker, and globe trotter.", False, '', '', False, True, NOW()),
("LunarWolf@outlook.com", "NeonBear", "V!p3rH@wk678#", NOW(), NULL, "Beauty guru, makeup artist, and skincare specialist.", False, '', '', False, True, NOW()),
("MysticTiger@gmail.com", "OmegaFalcon", "R@v3nCr0w901!", NOW(), NULL, "Music aficionado, concert enthusiast, and audiophile.", False, '', '', False, True, NOW()),
("NeonBear@yahoo.com", "PhantomViper", "F@1c0nH@wk123$", NOW(), NULL, "Book lover, avid reader, and literary aficionado.", False, '', '', False, True, NOW()),
("OmegaFalcon@hotmail.com", "QuantumKnight", "W0lfB3@r456#", NOW(), NULL, "Outdoor enthusiast, hiking aficionado, and nature lover.", False, '', '', False, True, NOW()),
("PhantomViper@outlook.com", "RadiantRider", "B@dm1nt0nP@ss789!", NOW(), NULL, "Art lover, museum aficionado, and gallery hopper.", False, '', '', False, True, NOW()),
("QuantumKnight@gmail.com", "ShadowLion", "V@ll3yB@ll345$", NOW(), NULL, "Animal advocate, wildlife enthusiast, and pet lover.", False, '', '', False, True, NOW()),
("RadiantRider@yahoo.com", "ThunderBear", "Cr!ck3tT3am678#", NOW(), NULL, "Foodie, gourmet enthusiast, and culinary explorer.", False, '', '', False, True, NOW()),
("ShadowLion@hotmail.com", "UltraCobra", "F00tb@llP@ss901!", NOW(), NULL, "Fitness enthusiast, gym devotee, and exercise aficionado.", False, '', '', False, True, NOW()),
("ThunderBear@outlook.com", "VortexWolf", "H0ck3yS!ck123$", NOW(), NULL, "Fashionista, style icon, and trendsetter.", False, '', '', False, True, NOW()),
("UltraCobra@gmail.com", "WhisperLion", "T3nn!sB@ll456#", NOW(), NULL, "Health and wellness advocate, self-care enthusiast, and mindfulness practitioner.", False, '', '', False, True, NOW()),
("VortexWolf@yahoo.com", "ZenithFalcon", "R@v3nDr@g0n789!", NOW(), NULL, "Parent, educator, and mentor for future generations.", False, '', '', False, True, NOW()),
("WhisperLion@hotmail.com", "ArcticBear", "Sn@k3Ph0en!x345$", NOW(), NULL, "Gamer, eSports competitor, and virtual reality enthusiast.", False, '', '', False, True, NOW()),
("XenoTiger@outlook.com", "CosmicViper", "T1g3rW0lf678#", NOW(), NULL, "Traveler, explorer, and adventure seeker.", False, '', '', False, True, NOW()),
("ZenithFalcon@gmail.com", "DreamFalcon", "B3@rE@g1e901!", NOW(), NULL, "Beauty enthusiast, skincare junkie, and makeup aficionado.", False, '', '', False, True, NOW()),
("ArcticBear@yahoo.com", "EclipseBear", "Ph@nt0mGh0st123$", NOW(), NULL, "Music lover, concert-goer, and festival attendee.", False, '', '', False, True, NOW()),
("BlazeKnight@hotmail.com", "FlameTiger", "Sh@d0wN!ght456#", NOW(), NULL, "Bookworm, avid reader, and literary enthusiast.", False, '', '', False, True, NOW()),
("CosmicViper@outlook.com", "GhostWolf", "L!ghtB!rd789!", NOW(), NULL, "Outdoor enthusiast, nature lover, and hiking aficionado.", False, '', '', False, True, NOW()),
("DreamFalcon@gmail.com", "HexFalcon", "N3onGl0w345$", NOW(), NULL, "Art aficionado, gallery visitor, and creative enthusiast.", False, '', '', False, True, NOW()),
("EclipseBear@yahoo.com", "IronCobra", "M0n0chr0m3S0l678#", NOW(), NULL, "Animal lover, pet parent, and wildlife advocate.", False, '', '', False, True, NOW()),
("FlameTiger@hotmail.com", "JadePanther", "V!b3r@t10nS@nd901!", NOW(), NULL, "Food lover, culinary explorer, and gastronomy enthusiast.", False, '', '', False, True, NOW()),
("GhostWolf@outlook.com", "KnightTiger", "R@d!@ntL!ght123$", NOW(), NULL, "Fitness enthusiast, gym-goer, and health advocate.", False, '', '', False, True, NOW()),
("HexFalcon@gmail.com", "LunaBear", "Ecl!ps3S0l@r456#", NOW(), NULL, "Fashionista, trend follower, and style aficionado.", False, '', '', False, True, NOW()),
("IronCobra@yahoo.com", "MysticRider", "Bl@ckH0l3N3b789!", NOW(), NULL, "Health enthusiast, wellness advocate, and self-care devotee.", False, '', '', False, True, NOW()),
("JadePanther@hotmail.com", "NebulaWolf", "Qu@ntumL3@p345$", NOW(), NULL, "Parent, caregiver, and role model for children.", False, '', '', False, True, NOW()),
("KnightTiger@outlook.com", "OnyxFalcon", "St@rD@zzl3678#", NOW(), NULL, "Gamer, eSports enthusiast, and competitive player.", False, '', '', False, True, NOW()),
("LunaBear@gmail.com", "PlasmaLion", "P@rt!cl3W@v901!", NOW(), NULL, "Traveler, wanderer, and nomad at heart.", False, '', '', False, True, NOW()),
("MysticRider@yahoo.com", "QuasarCobra", "H3ll0W0rld123$", NOW(), NULL, "Beauty lover, makeup enthusiast, and skincare junkie.", False, '', '', False, True, NOW()),
("NebulaWolf@hotmail.com", "RuneFalcon", "C0d3Cr@ck456#", NOW(), NULL, "Music aficionado, concert attendee, and vinyl collector.", False, '', '', False, True, NOW()),
("OnyxFalcon@outlook.com", "StarKnight", "P@ssword789!", NOW(), NULL, "Book lover, literary critic, and avid reader.", False, '', '', False, True, NOW()),
("PlasmaLion@gmail.com", "ThunderTiger", "S3cur3P@ss345$", NOW(), NULL, "Outdoor enthusiast, nature lover, and adventure seeker.", False, '', '', False, True, NOW()),
("QuasarCobra@yahoo.com", "UltraRider", "T!gerL!on678#", NOW(), NULL, "Art aficionado, museum-goer, and gallery visitor.", False, '', '', False, True, NOW()),
("RuneFalcon@hotmail.com", "ViperWolf", "H@wkE@g1e901!", NOW(), NULL, "Animal lover, pet parent, and wildlife enthusiast.", False, '', '', False, True, NOW()),
("StarKnight@outlook.com", "WindBear", "C0br@Sn@ke123$", NOW(), NULL, "Foodie, culinary enthusiast, and gourmet connoisseur.", False, '', '', False, True, NOW()),
("ThunderTiger@gmail.com", "XenonKnight", "W0lfF0x456#", NOW(), NULL, "Fitness junkie, gym enthusiast, and workout fanatic.", False, '', '', False, True, NOW()),
("UltraRider@yahoo.com", "ZephyrFalcon", "Ph0en!xBl@ze789!", NOW(), NULL, "Fashion lover, style icon, and trendsetter.", False, '', '', False, True, NOW()),
("ViperWolf@hotmail.com", "AzureBear", "Dr@g0nFl@me345$", NOW(), NULL, "Health and wellness advocate, holistic healer, and mindfulness practitioner.", False, '', '', False, True, NOW()),
("WindBear@outlook.com", "BlazeLion", "P@nth3rT1ger678#", NOW(), NULL, "Parent, guardian, and mentor for the younger generation.", False, '', '', False, True, NOW()),
("XenonKnight@gmail.com", "CelestialFalcon", "L!onLe0p@rd901!", NOW(), NULL, "Gamer, eSports competitor, and virtual world explorer.", False, '', '', False, True, NOW()),
("ZephyrFalcon@yahoo.com", "DarkWolf", "E@g1eH@wk123$", NOW(), NULL, "Travel enthusiast, wanderlust seeker, and adventurer.", False, '', '', False, True, NOW()),
("AzureBear@hotmail.com", "EmberTiger", "B3@rW0lf456#", NOW(), NULL, "Beauty guru, makeup artist, and skincare expert.", False, '', '', False, True, NOW()),
("BlazeLion@outlook.com", "FrostFalcon", "T!gerC0br@789!", NOW(), NULL, "Music lover, concert-goer, and audiophile.", False, '', '', False, True, NOW()),
("CelestialFalcon@gmail.com", "GlintKnight", "Sn@k3H0rnet345$", NOW(), NULL, "Bookworm, literary enthusiast, and avid reader.", False, '', '', False, True, NOW()),
("DarkWolf@yahoo.com", "HaloLion", "V!p3rH@wk678#", NOW(), NULL, "Outdoor adventurer, nature lover, and hiking enthusiast.", False, '', '', False, True, NOW()),
("EmberTiger@hotmail.com", "IceBear", "R@v3nCr0w901!", NOW(), NULL, "Art admirer, gallery visitor, and creative enthusiast.", False, '', '', False, True, NOW()),
("FrostFalcon@outlook.com", "KarmaWolf", "F@1c0nH@wk123$", NOW(), NULL, "Animal advocate, wildlife enthusiast, and pet lover.", False, '', '', False, True, NOW()),
("GlintKnight@gmail.com", "LunarRider", "W0lfB3@r456#", NOW(), NULL, "Foodie, gastronomy aficionado, and culinary explorer.", False, '', '', False, True, NOW()),
("HaloLion@yahoo.com", "MysticFalcon", "B@dm1nt0nP@ss789!", NOW(), NULL, "Fitness fanatic, gym rat, and exercise enthusiast.", False, '', '', False, True, NOW()),
("IceBear@hotmail.com", "NeonLion", "V@ll3yB@ll345$", NOW(), NULL, "Fashionista, style icon, and trend follower.", False, '', '', False, True, NOW()),
("JoltTiger@outlook.com", "OmegaCobra", "Cr!ck3tT3am678#", NOW(), NULL, "Health and wellness enthusiast, self-care advocate, and mindfulness practitioner.", False, '', '', False, True, NOW()),
("KarmaWolf@gmail.com", "PhantomTiger", "F00tb@llP@ss901!", NOW(), NULL, "Parent, caregiver, and mentor for children.", False, '', '', False, True, NOW()),
("LunarRider@yahoo.com", "QuantumWolf", "H0ck3yS!ck123$", NOW(), NULL, "Gamer, eSports enthusiast, and competitive player.", False, '', '', False, True, NOW()),
("MysticFalcon@hotmail.com", "RadiantFalcon", "T3nn!sB@ll456#", NOW(), NULL, "Traveler, explorer, and adventurer.", False, '', '', False, True, NOW()),
("NeonLion@outlook.com", "VortexRider", "R@v3nDr@g0n789!", NOW(), NULL, "Beauty lover, makeup enthusiast, and skincare aficionado.", False, '', '', False, True, NOW()),
("OmegaCobra@gmail.com", "WhisperBear", "Sn@k3Ph0en!x345$", NOW(), NULL, "Music aficionado, concert attendee, and music festival-goer.", False, '', '', False, True, NOW()),
("PhantomTiger@yahoo.com", "XenoKnight", "T1g3rW0lf678#", NOW(), NULL, "Book lover, literary enthusiast, and avid reader.", False, '', '', False, True, NOW()),
("QuantumWolf@hotmail.com", "ZenithLion", "B3@rE@g1e901!", NOW(), NULL, "Outdoor enthusiast, nature lover, and hiking aficionado.", False, '', '', False, True, NOW()),
("RadiantFalcon@outlook.com", "ArcticTiger", "Ph@nt0mGh0st123$", NOW(), NULL, "Art lover, museum-goer, and gallery visitor.", False, '', '', False, True, NOW()),
("ShadowKnight@gmail.com", "BlazeFalcon", "Sh@d0wN!ght456#", NOW(), NULL, "Animal lover, pet parent, and wildlife enthusiast.", False, '', '', False, True, NOW()),
("ThunderTiger@yahoo.com", "CosmicBear", "L!ghtB!rd789!", NOW(), NULL, "Foodie, culinary enthusiast, and gastronomy lover.", False, '', '', False, True, NOW()),
("UltraPanther@hotmail.com", "DreamWolf", "N3onGl0w345$", NOW(), NULL, "Fitness junkie, gym enthusiast, and workout warrior.", False, '', '', False, True, NOW()),
("VortexRider@outlook.com", "EclipseTiger", "M0n0chr0m3S0l678#", NOW(), NULL, "Fashionista, style icon, and trendsetter.", False, '', '', False, True, NOW()),
("WhisperBear@gmail.com", "FlameFalcon", "V!b3r@t10nS@nd901!", NOW(), NULL, "Health and wellness advocate, self-care enthusiast, and mindfulness practitioner.", False, '', '', False, True, NOW()),
("XenoKnight@yahoo.com", "GhostBear", "R@d!@ntL!ght123$", NOW(), NULL, "Parent, guardian, and mentor for the younger generation.", False, '', '', False, True, NOW()),
("ZenithLion@hotmail.com", "HexTiger", "Ecl!ps3S0l@r456#", NOW(), NULL, "Gamer, eSports competitor, and virtual reality explorer.", False, '', '', False, True, NOW()),
("ArcticTiger@outlook.com", "IronFalcon", "Bl@ckH0l3N3b789!", NOW(), NULL, "Travel enthusiast, wanderlust seeker, and adventure junkie.", False, '', '', False, True, NOW()),
("BlazeFalcon@gmail.com", "JadeBear", "Qu@ntumL3@p345$", NOW(), NULL, "Beauty guru, makeup artist, and skincare expert.", False, '', '', False, True, NOW()),
("CosmicBear@yahoo.com", "KnightWolf", "St@rD@", NOW(), NULL, "Music lover, concert-goer, and vinyl collector.", False, '', '', False, True, NOW()),
("DreamWolf@hotmail.com", "LunaTiger", "zzl3678#", NOW(), NULL, "Bookworm, literary enthusiast, and avid reader.", False, '', '', False, True, NOW()),
("EclipseTiger@outlook.com", "NebulaBear", "P@rt!cl3W@v901!", NOW(), NULL, "Outdoor adventurer, nature lover, and hiking enthusiast.", False, '', '', False, True, NOW()),
("FlameFalcon@gmail.com", "OnyxTiger", "H3ll0W0rld123$", NOW(), NULL, "Art admirer, gallery visitor, and creative enthusiast.", False, '', '', False, True, NOW()),
("GhostBear@yahoo.com", "PlasmaFalcon", "C0d3Cr@ck456#", NOW(), NULL, "Animal advocate, wildlife enthusiast, and pet lover.", False, '', '', False, True, NOW()),
("HexTiger@hotmail.com", "QuasarBear", "P@ssword789!", NOW(), NULL, "Foodie, gastronomy aficionado, and culinary explorer.", False, '', '', False, True, NOW()),
("IronFalcon@outlook.com", "RuneWolf", "S3cur3P@ss345$", NOW(), NULL, "Fitness fanatic, gym rat, and exercise enthusiast.", False, '', '', False, True, NOW()),
("JadeBear@gmail.com", "StarTiger", "T!gerL!on678#", NOW(), NULL, "Fashionista, style icon, and trend follower.", False, '', '', False, True, NOW()),
("KnightWolf@yahoo.com", "ThunderFalcon", "H@wkE@g1e901!", NOW(), NULL, "Health and wellness enthusiast, self-care advocate, and mindfulness practitioner.", False, '', '', False, True, NOW()),
("LunaTiger@hotmail.com", "UltraKnight", "C0br@Sn@ke123$", NOW(), NULL, "Parent, caregiver, and mentor for children.", False, '', '', False, True, NOW()),
("MysticFalcon@outlook.com", "WindFalcon", "W0lfF0x456#", NOW(), NULL, "Gamer, eSports enthusiast, and competitive player.", False, '', '', False, True, NOW()),
("NebulaBear@gmail.com", "XenonWolf", "Ph0en!xBl@ze789!", NOW(), NULL, "Traveler, explorer, and adventurer.", False, '', '', False, True, NOW()),
("OnyxTiger@yahoo.com", "ZephyrTiger", "Dr@g0nFl@me345$", NOW(), NULL, "Beauty lover, makeup enthusiast, and skincare aficionado.", False, '', '', False, True, NOW()),
("PlasmaFalcon@hotmail.com", "AzureWolf", "P@nth3rT1ger678#", NOW(), NULL, "Music aficionado, concert attendee, and music festival-goer.", False, '', '', False, True, NOW()),
("QuasarBear@outlook.com", "DarkFalcon", "L!onLe0p@rd901!", NOW(), NULL, "Book lover, literary enthusiast, and avid reader.", False, '', '', False, True, NOW()),
("RuneWolf@gmail.com", "EmberWolf", "E@g1eH@wk123$", NOW(), NULL, "Outdoor enthusiast, nature lover, and hiking aficionado.", False, '', '', False, True, NOW()),
("StarTiger@yahoo.com", "FrostTiger", "B3@rW0lf456#", NOW(), NULL, "Art lover, museum-goer, and gallery visitor.", False, '', '', False, True, NOW()),
("ThunderFalcon@hotmail.com", "GlintBear", "T!gerC0br@789!", NOW(), NULL, "Animal lover, pet parent, and wildlife enthusiast.", False, '', '', False, True, NOW()),
("UltraKnight@outlook.com", "HaloTiger", "Sn@k3H0rnet345$", NOW(), NULL, "Foodie, culinary enthusiast, and gastronomy lover.", False, '', '', False, True, NOW()),
("WindTiger@yahoo.com", "IceFalcon", "V!p3rH@wk678#", NOW(), NULL, "Fitness junkie, gym enthusiast, and workout warrior.", False, '', '', False, True, NOW()),
("ZephyrBear@outlook.com", "JoltWolf", "R@v3nCr0w901!", NOW(), NULL, "Fashionista, style icon, and trendsetter.", False, '', '', False, True, NOW()),
("AzureKnight@gmail.com", "KarmaBear", "F@1c0nH@wk123$", NOW(), NULL, "Health and wellness advocate, self-care enthusiast, and mindfulness practitioner.", False, '', '', False, True, NOW()),
("BlazeTiger@yahoo.com", "PhantomBear", "W0lfB3@r456#", NOW(), NULL, "Parent, guardian, and mentor for the younger generation.", False, '', '', False, True, NOW()),
("DarkFalcon@outlook.com", "QuantumFalcon", "B@dm1nt0nP@ss789!", NOW(), NULL, "Gamer, eSports competitor, and virtual reality explorer.", False, '', '', False, True, NOW()),
("EmberTiger@gmail.com", "RadiantBear", "V@ll3yB@ll345$", NOW(), NULL, "Travel enthusiast, wanderlust seeker, and adventure junkie.", False, '', '', False, True, NOW()),
("FrostBear@yahoo.com", "ShadowTiger", "Cr!ck3tT3am678#", NOW(), NULL, "Beauty guru, makeup artist, and skincare expert.", False, '', '', False, True, NOW()),
("HaloTiger@outlook.com", "VortexTiger", "F00tb@llP@ss901!", NOW(), NULL, "Music lover, concert-goer, and vinyl collector.", False, '', '', False, True, NOW()),
("IceBear@gmail.com", "XenoBear", "H0ck3yS!ck123$", NOW(), NULL, "Bookworm, literary enthusiast, and avid reader.", False, '', '', False, True, NOW()),
("JoltFalcon@yahoo.com", "ArcticFalcon", "T3nn!sB@ll456#", NOW(), NULL, "Outdoor adventurer, nature lover, and hiking enthusiast.", False, '', '', False, True, NOW()),
("KarmaTiger@hotmail.com", "CosmicTiger", "R@v3nDr@g0n789!", NOW(), NULL, "Art admirer, gallery visitor, and creative enthusiast.", False, '', '', False, True, NOW()),
("LunarBear@outlook.com", "EclipseFalcon", "Sn@k3Ph0en!x345$", NOW(), NULL, "Animal advocate, wildlife enthusiast, and pet lover.", False, '', '', False, True, NOW()),
("MysticFalcon@gmail.com", "HexBear", "T1g3rW0lf678#", NOW(), NULL, "Foodie, gastronomy aficionado, and culinary explorer.", False, '', '', False, True, NOW()),
("NeonTiger@yahoo.com", "IronTiger", "B3@rE@g1e901!", NOW(), NULL, "Fitness fanatic, gym rat, and exercise enthusiast.", False, '', '', False, True, NOW()),
("OmegaBear@hotmail.com", "OnyxBear", "Ph@nt0mGh0st123$", NOW(), NULL, "Fashionista, style icon, and trend follower.", False, '', '', False, True, NOW()),
("PhantomFalcon@outlook.com", "QuasarFalcon", "Sh@d0wN!ght456#", NOW(), NULL, "Health and wellness enthusiast, self-care advocate, and mindfulness practitioner.", False, '', '', False, True, NOW()),
("QuantumTiger@gmail.com", "RuneBear", "L!ghtB!rd789!", NOW(), NULL, "Parent, caregiver, and mentor for children.", False, '', '', False, True, NOW()),
("RadiantBear@yahoo.com", "XenonBear", "N3onGl0w345$", NOW(), NULL, "Gamer, eSports enthusiast, and competitive player.", False, '', '', False, True, NOW()),
("ShadowFalcon@hotmail.com", "BlazeBear", "M0n0chr0m3S0l678#", NOW(), NULL, "Traveler, explorer, and adventurer.", False, '', '', False, True, NOW()),
("UltraTiger@gmail.com", "CelestialTiger", "V!b3r@t10nS@nd901!", NOW(), NULL, "Beauty lover, makeup enthusiast, and skincare aficionado.", False, '', '', False, True, NOW()),
("VortexFalcon@yahoo.com", "DarkBear", "R@d!@ntL!ght123$", NOW(), NULL, "Music aficionado, concert attendee, and music festival-goer.", False, '', '', False, True, NOW()),
("WhisperBear@hotmail.com", "FrostBear", "Ecl!ps3S0l@r456#", NOW(), NULL, "Book lover, literary enthusiast, and avid reader.", False, '', '', False, True, NOW()),
("BlazeFalcon@hotmail.com", "GlintTiger", "Bl@ckH0l3N3b789#", NOW(), NULL, "Outdoor enthusiast, nature lover, and hiking aficionado.", False, '', '', False, True, NOW()),
("CosmicTiger@outlook.com", "HaloBear", "Qu@ntumL3@p345#", NOW(), NULL, "Tech aficionado, gadget guru, and digital explorer.", False, '', '', False, True, NOW()),
("DreamBear@gmail.com", "KarmaTiger", "St@rD@zzl3678#", NOW(), NULL, "Star seeker, constellation enthusiast, and amateur astronomer.", False, '', '', False, True, NOW()),
("EclipseFalcon@yahoo.com", "LunarBear", "P@rt!cl3W@v901!", NOW(), NULL, "Culinary explorer, food fusion enthusiast, and global gastronome.", False, '', '', False, True, NOW()),
("GhostBear@outlook.com", "NeonTiger", "H3ll0W0rld123$", NOW(), NULL, "Endorphin junkie, marathon runner, and fitness philanthropist.", False, '', '', False, True, NOW()),
("IronTiger@yahoo.com", "OmegaBear", "C0d3Cr@ck456#", NOW(), NULL, "Style visionary, fashion disruptor, and trendsetting tastemaker.", False, '', '', False, True, NOW()),
("JadeBear@hotmail.com", "PhantomFalcon", "P@ssword789#", NOW(), NULL, "Wellness warrior, holistic healer, and mindfulness advocate.", False, '', '', False, True, NOW()),
("KnightFalcon@outlook.com", "ShadowBear", "S3cur3P@ss345$", NOW(), NULL, "Child whisperer, mentor, and advocate for youth empowerment.", False, '', '', False, True, NOW()),
("LunaTiger@gmail.com", "WhisperTiger", "T!gerL!on678#", NOW(), NULL, "Virtual pioneer, digital innovator, and cyberspace explorer.", False, '', '', False, True, NOW()),
("NebulaFalcon@hotmail.com", "XenoFalcon", "H@wkE@g1e901#", NOW(), NULL, "Wanderlust connoisseur, off-the-beaten-path seeker, and cultural sponge.", False, '', '', False, True, NOW()),
("OnyxTiger@outlook.com", "ZenithBear", "C0br@Sn@ke123#", NOW(), NULL, "Skincare alchemist, beauty guru, and radiant complexion enthusiast.", False, '', '', False, True, NOW()),
("PlasmaBear@gmail.com", "DreamTiger", "W0lfF0x456$", NOW(), NULL, "Melody maestro, music curator, and sonic storyteller.", False, '', '', False, True, NOW()),
("QuasarFalcon@yahoo.com", "GhostTiger", "Ph0en!xBl@ze789#", NOW(), NULL, "Page-turner, literary alchemist, and narrative weaver.", False, '', '', False, True, NOW()),
("RuneTiger@hotmail.com", "JadeTiger", "Dr@g0nFl@me345$", NOW(), NULL, "Trailblazer, nature advocate, and outdoor escapade enthusiast.", False, '', '', False, True, NOW()),
("StarBear@outlook.com", "NebulaTiger", "P@nth3rT1ger678#", NOW(), NULL, "Canvas conqueror, brush wielder, and visual storyteller.", False, '', '', False, True, NOW()),
("ThunderFalcon@gmail.com", "PlasmaBear", "L!onLe0p@rd901$", NOW(), NULL, "Critter caretaker, animal whisperer, and furry friend enthusiast.", False, '', '', False, True, NOW()),
("ViperTiger@hotmail.com", "QuasarTiger", "E@g1eH@wk123#", NOW(), NULL, "Flavor explorer, culinary creator, and taste sensation seeker.", False, '', '', False, True, NOW()),
("WindFalcon@outlook.com", "StarBear", "B3@rW0lf456$", NOW(), NULL, "Ironman contender, fitness fanatic, and sweat equity investor.", False, '', '', False, True, NOW()),
("XenonBear@gmail.com", "XenonTiger", "T!gerC0br@789#", NOW(), NULL, "Vogue virtuoso, style curator, and sartorial virtuoso.", False, '', '', False, True, NOW()),
("AzureTiger@hotmail.com", "ZephyrBear", "Sn@k3H0rnet345$", NOW(), NULL, "Wellness savant, self-care sage, and harmony seeker.", False, '', '', False, True, NOW()),
("BlazeBear@outlook.com", "AzureTiger", "V!p3rH@wk678#", NOW(), NULL, "Parenthood prodigy, family strategist, and nurturing navigator.", False, '', '', False, True, NOW()),
("DarkTiger@yahoo.com", "DarkTiger", "R@v3nCr0w901$", NOW(), NULL, "Digital athlete, gaming gladiator, and virtual hero.", False, '', '', False, True, NOW()),
("EmberBear@hotmail.com", "EmberBear", "F@1c0nH@wk123$", NOW(), NULL, "Jet-setter, world explorer, and culture vulture.", False, '', '', False, True, NOW()),
("GlintTiger@gmail.com", "QuantumTiger", "W0lfB3@r456$", NOW(), NULL, "Beauty savant, makeup magician, and skincare sage.", False, '', '', False, True, NOW()),
("HaloBear@yahoo.com", "ShadowFalcon", "B@dm1nt0nP@ss789$", NOW(), NULL, "Sound savant, auditory aesthete, and harmony aficionado.", False, '', '', False, True, NOW()),
("IceTiger@hotmail.com", "VortexFalcon", "V@ll3yB@ll345#", NOW(), NULL, "Prose poet, literary luminary, and bibliophilic bard.", False, '', '', False, True, NOW()),
("MysticBear@hotmail.com", "KnightFalcon", "Cr!ck3tT3am678$", NOW(), NULL, "Nature navigator, trail treader, and outdoor oracle.", False, '', '', False, True, NOW()),
("NeonFalcon@outlook.com", "NebulaFalcon", "F00tb@llP@ss901$", NOW(), NULL, "Art aficionado, cultural curator, and aesthetic connoisseur.", False, '', '', False, True, NOW()),
("OmegaTiger@gmail.com", "RuneTiger", "H0ck3yS!ck123$", NOW(), NULL, "Critter crusader, wildlife warrior, and animal ambassador.", False, '', '', False, True, NOW()),
("PhantomBear@yahoo.com", "ViperTiger", "T3nn!sB@ll456$", NOW(), NULL, "Gourmet guru, epicurean explorer, and culinary curator.", False, '', '', False, True, NOW()),
("QuantumFalcon@hotmail.com", "NeonFalcon", "R@v3nDr@g0n789$", NOW(), NULL, "Ironman aspirant, fitness fanatic, and gym guru.", False, '', '', False, True, NOW()),
("RadiantTiger@outlook.com", "OmegaTiger", "Sn@k3Ph0en!x345$", NOW(), NULL, "Vogue vanguard, fashion forward thinker, and style sage.", False, '', '', False, True, NOW()),
("ShadowBear@gmail.com", "RadiantTiger", "T1g3rW0lf678$", NOW(), NULL, "Wellness warrior, self-care sentinel, and tranquility trailblazer.", False, '', '', False, True, NOW()),
("VortexTiger@outlook.com", "IronBear", "B3@rE@g1e901$", NOW(), NULL, "Child champion, mentor extraordinaire, and youth advocate.", False, '', '', False, True, NOW()),
("XenoFalcon@yahoo.com", "AquaReaper", "Ph@nt0mGh0st123$", NOW(), NULL, "Digital dynamo, tech savant, and virtual visionary.", False, '', '', False, True, NOW()),
("ZenithTiger@hotmail.com", "CloudWisp", "Sh@d0wN!ght456$", NOW(), NULL, "Odyssey orchestrator, journey junkie, and wanderlust whisperer.", False, '', '', False, True, NOW()),
("ArcticFalcon@outlook.com", "DuskKnight", "L!ghtB!rd789$", NOW(), NULL, "Beauty boss, skincare sorcerer, and makeup maven.", False, '', '', False, True, NOW()),
("BlazeBear@gmail.com", "EmberEagle", "N3onGl0w345$", NOW(), NULL, "Sound seeker, melody marvel, and auditory architect.", False, '', '', False, True, NOW()),
("CosmicTiger@yahoo.com", "GlimmerKnight", "M0n0chr0m3S0l678$", NOW(), NULL, "Literary luminary, prose purveyor, and word wizard.", False, '', '', False, True, NOW()),
("DreamFalcon@hotmail.com", "HaloSerpent", "V!b3r@t10nS@nd901$", NOW(), NULL, "Wilderness wanderer, nature nurturer, and outdoor oracle.", False, '', '', False, True, NOW()),
("EclipseBear@outlook.com", "IceWraith", "R@d!@ntL!ght123$", NOW(), NULL, "Art enthusiast, culture curator, and aesthetic aficionado.", False, '', '', False, True, NOW()),
("FlameTiger@gmail.com", "JoltKnight", "Ecl!ps3S0l@r456$", NOW(), NULL, "Wildlife whisperer, critter caretaker, and animal advocate.", False, '', '', False, True, NOW()),
("IronBear@outlook.com", "KarmaFox", "Bl@ckH0l3N3b789$", NOW(), NULL, "Epicurean explorer, culinary connoisseur, and gastronomic guru.", False, '', '', False, True, NOW()),
("JadeFalcon@gmail.com", "LunarShadow", "Qu@ntumL3@p345$", NOW(), NULL, "Ironman contender, fitness fiend, and exercise enthusiast.", False, '', '', False, True, NOW()),
("KnightTiger@yahoo.com", "MysticRaven", "St@rD@zzl3678$", NOW(), NULL, "Style virtuoso, fashionista, and trendsetting titan.", False, '', '', False, True, NOW()),
("LunaBear@hotmail.com", "NeonViper", "P@rt!cl3W@v901$", NOW(), NULL, "Wellness warrior, self-care sentinel, and tranquility trailblazer.", False, '', '', False, True, NOW()),
("MysticTiger@outlook.com", "OmegaGhost", "H3ll0W0rld123$", NOW(), NULL, "Digital disruptor, tech trailblazer, and virtual visionary.", False, '', '', False, True, NOW()),
("OnyxFalcon@yahoo.com", "PhantomRider", "C0d3Cr@ck456$", NOW(), NULL, "Odyssey orchestrator, journey junkie, and adventure architect.", False, '', '', False, True, NOW()),
("PlasmaTiger@hotmail.com", "RadiantPhoenix", "P@ssword789$", NOW(), NULL, "Beauty boss, skincare savant, and makeup maestro.", False, '', '', False, True, NOW()),
("RuneFalcon@gmail.com", "ThunderCobra", "S3cur3P@ss345$", NOW(), NULL, "Sound sculptor, auditory architect, and melody maven.", False, '', '', False, True, NOW()),
("UltraBear@outlook.com", "UltraDragon", "T!gerL!on678$", NOW(), NULL, "Literary luminary, prose prodigy, and word wizard.", False, '', '', False, True, NOW()),
("ViperTiger@gmail.com", "VortexHunter", "H@wkE@g1e901$", NOW(), NULL, "Wilderness wanderer, nature nurturer, and outdoor oracle.", False, '', '', False, True, NOW()),
("WindFalcon@yahoo.com", "WhisperPanther", "C0br@Sn@ke123$", NOW(), NULL, "Art aficionado, culture connoisseur, and aesthetic arbiter.", False, '', '', False, True, NOW()),
("XenonBear@hotmail.com", "XenoDrake", "W0lfF0x456$", NOW(), NULL, "Wildlife whisperer, critter caretaker, and animal advocate.", False, '', '', False, True, NOW()),
("ZephyrFalcon@outlook.com", "ZenithRider", "Ph0en!xBl@ze789$", NOW(), NULL, "Epicurean explorer, culinary connoisseur, and gastronomic guru.", False, '', '', False, True, NOW()),
("AzureTiger@gmail.com", "ArcticStorm", "Dr@g0nFl@me345$", NOW(), NULL, "Ironman aspirant, fitness fanatic, and exercise enthusiast.", False, '', '', False, True, NOW()),
("BlazeBear@yahoo.com", "BlazeLeopard", "P@nth3rT1ger678$", NOW(), NULL, "Style virtuoso, fashion-forward thinker, and trendsetting titan.", False, '', '', False, True, NOW()),
("CelestialFalcon@hotmail.com", "CosmicHawk", "L!onLe0p@rd901$", NOW(), NULL, "Wellness warrior, self-care sentinel, and tranquility trailblazer.", False, '', '', False, True, NOW()),
("DarkTiger@outlook.com", "DreamPanther", "E@g1eH@wk123$", NOW(), NULL, "Digital disruptor, tech trailblazer, and virtual visionary.", False, '', '', False, True, NOW()),
("EmberBear@gmail.com", "EclipseViper", "B3@rW0lf456$", NOW(), NULL, "Odyssey orchestrator, journey junkie, and adventure architect.", False, '', '', False, True, NOW()),
("FrostFalcon@yahoo.com", "FlameKnight", "T!gerC0br@789$", NOW(), NULL, "Beauty boss, skincare savant, and makeup maestro.", False, '', '', False, True, NOW()),
("GlintTiger@hotmail.com", "HexPanther", "Sn@k3H0rnet345$", NOW(), NULL, "Sound sculptor, auditory architect, and melody maven.", False, '', '', False, True, NOW()),
("HaloBear@outlook.com", "IronSerpent", "V!p3rH@wk678$", NOW(), NULL, "Literary luminary, prose prodigy, and word wizard.", False, '', '', False, True, NOW()),
("JoltBear@yahoo.com", "JadeFox", "R@v3nCr0w901$", NOW(), NULL, "Wilderness wanderer, nature nurturer, and outdoor oracle.", False, '', '', False, True, NOW()),
("KarmaFalcon@hotmail.com", "KnightRaven", "F@1c0nH@wk123$", NOW(), NULL, "Art aficionado, culture connoisseur, and aesthetic arbiter.", False, '', '', False, True, NOW()),
("LunarTiger@outlook.com", "LunaDrake", "W0lfB3@r456$", NOW(), NULL, "Wildlife whisperer, critter caretaker, and animal advocate.", False, '', '', False, True, NOW()),
("MysticBear@gmail.com", "MysticViper", "B@dm1nt0nP@ss789$", NOW(), NULL, "Epicurean explorer, culinary connoisseur, and gastronomic guru.", False, '', '', False, True, NOW()),
("NeonFalcon@yahoo.com", "NebulaGhost", "V@ll3yB@ll345$", NOW(), NULL, "Ironman aspirant, fitness fanatic, and exercise enthusiast.", False, '', '', False, True, NOW()),
("OmegaTiger@hotmail.com", "OnyxHunter", "Cr!ck3tT3am678$", NOW(), NULL, "Style virtuoso, fashion-forward thinker, and trendsetting titan.", False, '', '', False, True, NOW()),
("PhantomBear@outlook.com", "PlasmaKnight", "F00tb@llP@ss901$", NOW(), NULL, "Wellness warrior, self-care sentinel, and tranquility trailblazer.", False, '', '', False, True, NOW()),
("QuantumFalcon@gmail.com", "QuasarShadow", "H0ck3yS!ck123$", NOW(), NULL, "Digital disruptor, tech trailblazer, and virtual visionary.", False, '', '', False, True, NOW()),
("RadiantTiger@yahoo.com", "RunePanther", "T3nn!sB@ll456$", NOW(), NULL, "Odyssey orchestrator, journey junkie, and adventure architect.", False, '', '', False, True, NOW()),
("ShadowBear@hotmail.com", "StarHunter", "R@v3nDr@g0n789$", NOW(), NULL, "Beauty boss, skincare savant, and makeup maestro.", False, '', '', False, True, NOW()),
("ThunderTiger@outlook.com", "ThunderViper", "Sn@k3Ph0en!x345$", NOW(), NULL, "Sound sculptor, auditory architect, and melody maven.", False, '', '', False, True, NOW()),
("UltraFalcon@gmail.com", "ViperGhost", "T1g3rW0lf678$", NOW(), NULL, "Literary luminary, prose prodigy, and word wizard.", False, '', '', False, True, NOW()),
("VortexTiger@yahoo.com", "WindKnight", "B3@rE@g1e901$", NOW(), NULL, "Wilderness wanderer, nature nurturer, and outdoor oracle.", False, '', '', False, True, NOW()),
("XenoFalcon@outlook.com", "ZephyrHunter", "Ph@nt0mGh0st123$", NOW(), NULL, "Art aficionado, culture connoisseur, and aesthetic arbiter.", False, '', '', False, True, NOW()),
("ArcticFalcon@yahoo.com", "AzureSerpent", "Sh@d0wN!ght456$", NOW(), NULL, "Wildlife whisperer, critter caretaker, and animal advocate.", False, '', '', False, True, NOW()),
("BlazeBear@hotmail.com", "BlazeDragon", "L!ghtB!rd789$", NOW(), NULL, "Epicurean explorer, culinary connoisseur, and gastronomic guru.", False, '', '', False, True, NOW()),
("GhostFalcon@outlook.com", "CelestialRider", "N3onGl0w345$", NOW(), NULL, "Ironman aspirant, fitness fanatic, and exercise enthusiast.", False, '', '', False, True, NOW()),
("HexTiger@gmail.com", "DarkWisp", "M0n0chr0m3S0l678$", NOW(), NULL, "Style virtuoso, fashion-forward thinker, and trendsetting titan.", False, '', '', False, True, NOW()),
("IronBear@yahoo.com", "EmberKnight", "V!b3r@t10nS@nd901$", NOW(), NULL, "Cyber voyager, digital explorer, and virtual trailblazer.", False, '', '', False, True, NOW()),
("MysticTiger@yahoo.com", "FrostShadow", "R@d!@ntL!ght123$", NOW(), NULL, "Astro enthusiast, celestial navigator, and cosmic connoisseur.", False, '', '', False, True, NOW()),
("NebulaBear@hotmail.com", "GlintPhoenix", "Ecl!ps3S0l@r456$", NOW(), NULL, "Flavor aficionado, culinary creator, and gastronomic innovator.", False, '', '', False, True, NOW()),
("QuasarBear@yahoo.com", "HaloFalcon", "Bl@ckH0l3N3b789$", NOW(), NULL, "Endurance athlete, fitness aficionado, and workout prodigy.", False, '', '', False, True, NOW()),
("StarTiger@outlook.com", "JoltPanther", "Qu@ntumL3@p345$", NOW(), NULL, "Style maven, fashion virtuoso, and trendsetting trendsetter.", False, '', '', False, True, NOW()),
("AzureFalcon@hotmail.com", "KarmaRider", "St@rD@zzl3678$", NOW(), NULL, "Wellness wizard, holistic healer, and mind-body alchemist.", False, '', '', False, True, NOW()),
("BlazeKnight@outlook.com", "LunarGhost", "P@rt!cl3W@v901$", NOW(), NULL, "Mentor extraordinaire, youth advocate, and next-gen nurturer.", False, '', '', False, True, NOW()),
("CelestialBear@gmail.com", "MysticKnight", "H3ll0W0rld123$", NOW(), NULL, "Tech pioneer, digital visionary, and innovation evangelist.", False, '', '', False, True, NOW()),
("DarkFalcon@yahoo.com", "NeonPhoenix", "C0d3", NOW(), NULL, "Nomadic wanderer, global explorer, and cultural sponge.", False, '', '', False, True, NOW()),
("FrostBear@outlook.com", "PhantomKnight", "C0d3Cr@ck456#", NOW(), NULL, "Skincare savant, beauty alchemist, and complexion curator.", False, '', '', False, True, NOW()),
("GlintFalcon@gmail.com", "QuantumShadow", "P@ssword789!@", NOW(), NULL, "Melody maestro, music curator, and sonic voyager.", False, '', '', False, True, NOW()),
("HaloTiger@yahoo.com", "ThunderKnight", "S3cur3P@ss345$!", NOW(), NULL, "Word weaver, literary luminary, and storytelling savant.", False, '', '', False, True, NOW()),
("JoltFalcon@outlook.com", "UltraViper", "T!gerL!on678*#", NOW(), NULL, "Trail trekker, nature enthusiast, and outdoor aficionado.", False, '', '', False, True, NOW()),
("KarmaTiger@gmail.com", "VortexShadow", "H@wkE@g1e901&", NOW(), NULL, "Art aficionado, culture curator, and aesthetic enthusiast.", False, '', '', False, True, NOW()),
("LunarBear@yahoo.com", "WhisperKnight", "C0br@Sn@ke123^", NOW(), NULL, "Critter caretaker, wildlife advocate, and animal ambassador.", False, '', '', False, True, NOW()),
("NeonTiger@outlook.com", "XenoPanther", "W0lfF0x456@#", NOW(), NULL, "Epicurean explorer, taste sensation seeker, and culinary connoisseur.", False, '', '', False, True, NOW()),
("OmegaBear@gmail.com", "ZenithHunter", "Ph0en!xBl@ze789!", NOW(), NULL, "Ironman contender, fitness fanatic, and exercise enthusiast.", False, '', '', False, True, NOW()),
("PhantomFalcon@yahoo.com", "ArcticHunter", "Dr@g0nFl@me345%", NOW(), NULL, "Vogue vanguard, fashion-forward thinker, and style innovator.", False, '', '', False, True, NOW()),
("QuantumTiger@hotmail.com", "BlazeShadow", "P@nth3rT1ger678$", NOW(), NULL, "Mindfulness mentor, self-care savant, and tranquility trailblazer.", False, '', '', False, True, NOW()),
("RadiantBear@outlook.com", "CosmicKnight", "L!onLe0p@rd901*", NOW(), NULL, "Parenthood pioneer, family foundation builder, and nurturing navigator.", False, '', '', False, True, NOW()),
("ShadowFalcon@gmail.com", "DreamRider", "E@g1eH@wk123^", NOW(), NULL, "Digital disruptor, tech trailblazer, and innovation instigator.", False, '', '', False, True, NOW()),
("ThunderBear@yahoo.com", "EclipseKnight", "B3@rW0lf456@", NOW(), NULL, "Odyssey orchestrator, adventure architect, and journey junkie.", False, '', '', False, True, NOW()),
("UltraTiger@hotmail.com", "FlamePanther", "T!gerC0br@789#", NOW(), NULL, "Beauty baroness, skincare sorceress, and makeup maestro.", False, '', '', False, True, NOW()),
("VortexFalcon@outlook.com", "GhostKnight", "Sn@k3H0rnet345!", NOW(), NULL, "Sound sculptor, auditory architect, and rhythm reveler.", False, '', '', False, True, NOW()),
("ZenithFalcon@hotmail.com", "HexRider", "V!p3rH@wk678$", NOW(), NULL, "Literary luminary, prose poet, and narrative navigator.", False, '', '', False, True, NOW()),
("ArcticBear@outlook.com", "IronPanther", "R@v3nCr0w901@", NOW(), NULL, "Wilderness wanderer, nature lover, and outdoor oracle.", False, '', '', False, True, NOW()),
("EclipseFalcon@outlook.com", "JadeHunter", "F@1c0nH@wk123*", NOW(), NULL, "Art aficionado, culture connoisseur, and aesthetic arbiter.", False, '', '', False, True, NOW()),
("HexFalcon@hotmail.com", "KnightGhost", "W0lfB3@r456&", NOW(), NULL, "Wildlife whisperer, critter caretaker, and animal advocate.", False, '', '', False, True, NOW()),
("IronTiger@outlook.com", "LunaKnight", "B@dm1nt0nP@ss789#", NOW(), NULL, "Epicurean explorer, gastronomic guru, and culinary connoisseur.", False, '', '', False, True, NOW()),
("KnightFalcon@yahoo.com", "MysticPanther", "V@ll3yB@ll345$", NOW(), NULL, "Ironman aspirant, fitness fiend, and gym enthusiast.", False, '', '', False, True, NOW()),
("MysticBear@outlook.com", "OnyxShadow", "Cr!ck3tT3am678!", NOW(), NULL, "Vogue virtuoso, style savant, and trendsetting titan.", False, '', '', False, True, NOW()),
("AzureBear01@gmail.com", "PlasmaHunter", "F00tb@llP@ss901@", NOW(), NULL, "Parenthood pioneer, family foundation builder, and nurturing navigator.", False, '', '', False, True, NOW()),
("BlazeFalcon02@yahoo.com", "QuasarKnight", "H0ck3yS!ck123^", NOW(), NULL, "Digital dynamo, tech guru, and virtual visionary.", False, '', '', False, True, NOW()),
("CelestialTiger03@hotmail.com", "RuneRider", "T3nn!sB@ll456*", NOW(), NULL, "Odyssey orchestrator, adventure architect, and journey junkie.", False, '', '', False, True, NOW()),
("DarkBear04@outlook.com", "ThunderShadow", "R@v3nDr@g0n789#", NOW(), NULL, "Beauty boss, skincare savant, and makeup maestro.", False, '', '', False, True, NOW()),
("EmberFalcon05@gmail.com", "UltraHunter", "Sn@k3Ph0en!x345$", NOW(), NULL, "Sound sculptor, auditory architect, and melody maven.", False, '', '', False, True, NOW()),
("FrostTiger06@yahoo.com", "ViperKnight", "T1g3rW0lf678@", NOW(), NULL, "Literary luminary, prose prodigy, and word wizard.", False, '', '', False, True, NOW()),
("GlintBear07@hotmail.com", "WindPanther", "B3@rE@g1e901$", NOW(), NULL, "Wilderness wanderer, nature nurturer, and outdoor oracle.", False, '', '', False, True, NOW()),
("HaloFalcon08@outlook.com", "XenonShadow", "Ph@nt0mGh0st123#", NOW(), NULL, "Wildlife whisperer, critter caretaker, and animal advocate.", False, '', '', False, True, NOW()),
("IceTiger09@gmail.com", "ZephyrPanther", "Sh@d0wN!ght456$", NOW(), NULL, "Epicurean explorer, culinary connoisseur, and gastronomic guru.", False, '', '', False, True, NOW()),
("JoltBear10@yahoo.com", "AzureHunter", "L!ghtB!rd789%", NOW(), NULL, "Ironman aspirant, fitness fanatic, and exercise enthusiast.", False, '', '', False, True, NOW()),
("KarmaFalcon11@hotmail.com", "CelestialPanther", "N3onGl0w345@", NOW(), NULL, "Style virtuoso, fashion-forward thinker, and trendsetting titan.", False, '', '', False, True, NOW()),
("LunarTiger12@outlook.com", "DarkRider", "M0n0chr0m3S0l678*", NOW(), NULL, "Parenthood pioneer, family foundation builder, and nurturing navigator.", False, '', '', False, True, NOW()),
("MysticBear13@gmail.com", "EmberPanther", "V!b3r@t10nS@nd901^", NOW(), NULL, "Digital disruptor, tech trailblazer, and virtual visionary.", False, '', '', False, True, NOW()),
("NeonFalcon14@yahoo.com", "FrostKnight", "R@d!@ntL!ght123$", NOW(), NULL, "Odyssey orchestrator, journey junkie, and adventure architect.", False, '', '', False, True, NOW()),
("OmegaTiger15@hotmail.com", "GlintShadow", "Ecl!ps3S0l@r456#", NOW(), NULL, "Beauty boss, skincare savant, and makeup maestro.", False, '', '', False, True, NOW()),
("PhantomBear16@outlook.com", "HaloHunter", "Bl@ckH0l3N3b789@", NOW(), NULL, "Sound sculptor, auditory architect, and melody maven.", False, '', '', False, True, NOW()),
("QuantumFalcon17@gmail.com", "IceRider", "Qu@ntumL3@p345^", NOW(), NULL, "Literary luminary, prose prodigy, and word wizard.", False, '', '', False, True, NOW()),
("RadiantTiger18@yahoo.com", "JoltHunter", "St@rD@zzl3678*", NOW(), NULL, "Wilderness wanderer, nature nurturer, and outdoor oracle.", False, '', '', False, True, NOW()),
("ShadowBear19@hotmail.com", "LunarPanther", "P@rt!cl3W@v901@", NOW(), NULL, "Ironman aspirant, fitness fanatic, and exercise enthusiast.", False, '', '', False, True, NOW()),
("ThunderTiger20@outlook.com", "MysticShadow", "H3ll0W0rld123*", NOW(), NULL, "Style virtuoso, fashion-forward thinker, and trendsetting titan.", False, '', '', False, True, NOW()),
("UltraFalcon21@gmail.com", "NeonKnight", "C0d3Cr@ck456%", NOW(), NULL, "Parenthood pioneer, family foundation builder, and nurturing navigator.", False, '', '', False, True, NOW()),
("VortexTiger22@yahoo.com", "OmegaRider", "P@ssword789@#", NOW(), NULL, "Digital disruptor, tech trailblazer, and virtual visionary.", False, '', '', False, True, NOW()),
("WhisperBear23@hotmail.com", "PhantomPanther", "S3cur3P@ss345&", NOW(), NULL, "Odyssey orchestrator, journey junkie, and adventure architect.", False, '', '', False, True, NOW()),
("XenoFalcon24@outlook.com", "QuantumHunter", "T!gerL!on678$", NOW(), NULL, "Beauty boss, skincare savant, and makeup maestro.", False, '', '', False, True, NOW()),
("ZenithTiger25@gmail.com", "ShadowPanther", "H@wkE@g1e901!", NOW(), NULL, "Sound sculptor, auditory architect, and melody maven.", False, '', '', False, True, NOW()),
("ArcticBear26@yahoo.com", "ThunderHunter", "C0br@Sn@ke123^", NOW(), NULL, "Literary luminary, prose prodigy, and word wizard.", False, '', '', False, True, NOW()),
("BlazeFalcon27@hotmail.com", "VortexPanther", "W0lfF0x456@", NOW(), NULL, "Wilderness wanderer, nature nurturer, and outdoor oracle.", False, '', '', False, True, NOW()),
("CosmicTiger28@outlook.com", "WhisperHunter", "Ph0en!xBl@ze789*", NOW(), NULL, "Wildlife whisperer, critter caretaker, and animal advocate.", False, '', '', False, True, NOW()),
("DreamBear29@gmail.com", "BlazeRider", "Dr@g0nFl@me345!", NOW(), NULL, "Ironman aspirant, fitness fanatic, and exercise enthusiast.", False, '', '', False, True, NOW()),
("EclipseFalcon30@yahoo.com", "CosmicPanther", "P@nth3rT1ger678^", NOW(), NULL, "Style virtuoso, fashion-forward thinker, and trendsetting titan.", False, '', '', False, True, NOW()),
("FlameTiger31@hotmail.com", "DreamKnight", "L!onLe0p@rd901#", NOW(), NULL, "Wellness warrior, self-care sentinel, and tranquility trailblazer.", False, '', '', False, True, NOW()),
("GhostBear32@outlook.com", "EclipseShadow", "E@g1eH@wk123$", NOW(), NULL, "Parenthood pioneer, family foundation builder, and nurturing navigator.", False, '', '', False, True, NOW()),
("HexFalcon33@gmail.com", "FlameRider", "B3@rW0lf456@", NOW(), NULL, "Digital disruptor, tech trailblazer, and virtual visionary.", False, '', '', False, True, NOW()),
("IronTiger34@yahoo.com", "GhostPanther", "T!gerC0br@789*", NOW(), NULL, "Odyssey orchestrator, journey junkie, and adventure architect.", False, '', '', False, True, NOW()),
("JadeBear35@hotmail.com", "HexKnight", "Sn@k3H0rnet345&", NOW(), NULL, "Beauty boss, skincare savant, and makeup maestro.", False, '', '', False, True, NOW()),
("KnightFalcon36@outlook.com", "IronHunter", "V!p3rH@wk678^", NOW(), NULL, "Sound sculptor, auditory architect, and melody maven.", False, '', '', False, True, NOW()),
("LunaTiger37@gmail.com", "JadeKnight", "R@v3nCr0w901!", NOW(), NULL, "Literary luminary, prose prodigy, and word wizard.", False, '', '', False, True, NOW()),
("MysticBear38@yahoo.com", "KnightPanther", "F@1c0nH@wk123#", NOW(), NULL, "Wilderness wanderer, nature nurturer, and outdoor oracle.", False, '', '', False, True, NOW()),
("NebulaFalcon39@hotmail.com", "LunaShadow", "W0lfB3@r456$", NOW(), NULL, "Ironman aspirant, fitness fanatic, and exercise enthusiast.", False, '', '', False, True, NOW()),
("OnyxTiger40@outlook.com", "NebulaPanther", "B@dm1nt0nP@ss789@", NOW(), NULL, "Style virtuoso, fashion-forward thinker, and trendsetting titan.", False, '', '', False, True, NOW()),
("PlasmaBear41@gmail.com", "QuasarHunter", "V@ll3yB@ll345%", NOW(), NULL, "Wellness warrior, self-care sentinel, and tranquility trailblazer.", False, '', '', False, True, NOW()),
("QuasarFalcon42@yahoo.com", "StarShadow", "Cr!ck3tT3am678@", NOW(), NULL, "Parenthood pioneer, family foundation builder, and nurturing navigator.", False, '', '', False, True, NOW()),
("RuneTiger43@hotmail.com", "ViperPanther", "F00tb@llP@ss901^", NOW(), NULL, "Digital disruptor, tech trailblazer, and virtual visionary.", False, '', '', False, True, NOW()),
("StarBear44@outlook.com", "WindHunter", "H0ck3yS!ck123$", NOW(), NULL, "Odyssey orchestrator, journey junkie, and adventure architect.", False, '', '', False, True, NOW()),
("ThunderFalcon45@gmail.com", "ZephyrShadow", "T3nn!sB@ll456@", NOW(), NULL, "Beauty boss, skincare savant, and makeup maestro.", False, '', '', False, True, NOW()),
("UltraBear46@yahoo.com", "AzureKnight", "R@v3nDr@g0n789&", NOW(), NULL, "Sound sculptor, auditory architect, and melody maven.", False, '', '', False, True, NOW()),
("ViperTiger47@hotmail.com", "BlazeHunter", "Sn@k3Ph0en!x345^", NOW(), NULL, "Literary luminary, prose prodigy, and word wizard.", False, '', '', False, True, NOW()),
("WindFalcon48@outlook.com", "CelestialShadow", "T1g3rW0lf678@", NOW(), NULL, "Art aficionado, culture connoisseur, and aesthetic arbiter.", False, '', '', False, True, NOW()),
("XenonBear49@gmail.com", "DarkKnight", "B3@rE@g1e901!", NOW(), NULL, "Epicurean explorer, culinary connoisseur, and gastronomic guru.", False, '', '', False, True, NOW()),
("ZephyrFalcon50@yahoo.com", "EmberShadow", "Ph@nt0mGh0st123*", NOW(), NULL, "Ironman aspirant, fitness fanatic, and exercise enthusiast.", False, '', '', False, True, NOW()),
("AzureTiger51@hotmail.com", "FrostHunter", "Sh@d0wN!ght456#", NOW(), NULL, "Style virtuoso, fashion-forward thinker, and trendsetting titan.", False, '', '', False, True, NOW()),
("BlazeBear52@outlook.com", "HaloPanther", "L!ghtB!rd789^", NOW(), NULL, "Wellness warrior, self-care sentinel, and tranquility trailblazer.", False, '', '', False, True, NOW()),
("CelestialFalcon53@gmail.com", "JoltShadow", "N3onGl0w345!", NOW(), NULL, "Parenthood pioneer, family foundation builder, and nurturing navigator.", False, '', '', False, True, NOW()),
("DarkTiger54@yahoo.com", "KarmaHunter", "M0n0chr0m3S0l678$", NOW(), NULL, "Digital disruptor, tech trailblazer, and virtual visionary.", False, '', '', False, True, NOW()),
("EmberBear55@hotmail.com", "LunarKnight", "V!b3r@t10nS@nd901@", NOW(), NULL, "Odyssey orchestrator, journey junkie, and adventure architect.", False, '', '', False, True, NOW()),
("FrostFalcon56@outlook.com", "NeonShadow", "R@d!@ntL!ght123*", NOW(), NULL, "Beauty boss, skincare savant, and makeup maestro.", False, '', '', False, True, NOW()),
("GlintTiger57@gmail.com", "OmegaKnight", "Ecl!ps3S0l@r456%", NOW(), NULL, "Sound sculptor, auditory architect, and melody maven.", False, '', '', False, True, NOW()),
("HaloBear58@yahoo.com", "PhantomHunter", "Bl@ckH0l3N3b789$", NOW(), NULL, "Literary luminary, prose prodigy, and word wizard.", False, '', '', False, True, NOW()),
("IceFalcon59@hotmail.com", "RadiantHunter", "Qu@ntumL3@p345^", NOW(), NULL, "Art aficionado, culture connoisseur, and aesthetic arbiter.", False, '', '', False, True, NOW()),
("JoltTiger60@outlook.com", "VortexKnight", "St@rD@zzl3678@", NOW(), NULL, "Epicurean explorer, culinary connoisseur, and gastronomic guru.", False, '', '', False, True, NOW()),
("KarmaBear61@gmail.com", "XenoHunter", "P@rt!cl3W@v901%", NOW(), NULL, "Ironman aspirant, fitness fanatic, and exercise enthusiast.", False, '', '', False, True, NOW()),
("LunarFalcon62@yahoo.com", "ZenithKnight", "H3ll0W0rld123&", NOW(), NULL, "Style virtuoso, fashion-forward thinker, and trendsetting titan.", False, '', '', False, True, NOW());


-- Create tournament user
INSERT INTO gamehub.create_tournament_user (IDUser) VALUES
(1),
(2),
(3),
(4),
(5),
(6),
(7),
(8),
(9),
(10),
(11),
(12),
(13),
(14);

-- Admin
INSERT INTO gamehub.admin (IDAdmin) VALUES
(1),
(2),
(3),
(4);

-- Moderator
INSERT INTO gamehub.moderator (IDMod) VALUES
(5),
(6),
(7),
(8),
(9),
(10),
(11),
(12),
(13),
(14);

-- Forum
-- Svi BannerImage su Apex Legends BannerImage
INSERT INTO gamehub.forum (Name, CoverImage, BannerImage, Description, Status, DateCreated) VALUES
("Fortnite", LOAD_FILE("C:\\ProgramData\\MySQL\\MySQL Server 8.0\\Uploads\\Fortnite_Cover.jpg"), 
LOAD_FILE("C:\\ProgramData\\MySQL\\MySQL Server 8.0\\Uploads\\Fortnite_Banner.jpg"), 
"Fortnite is an online video game and game platform developed by Epic Games and released in 2017. It is available in six distinct game mode versions that otherwise share 
the same general gameplay and game engine: Fortnite Battle Royale, a free-to-play battle royale game in which up to 100 players fight to be the last person standing.",
"ACT", "2023-07-15"),

("Apex Legends", LOAD_FILE("C:\\ProgramData\\MySQL\\MySQL Server 8.0\\Uploads\\Apex_Legends_Cover.jpg"), 
LOAD_FILE("C:\\ProgramData\\MySQL\\MySQL Server 8.0\\Uploads\\Apex_Legends_Banner.png"), 
"Apex Legends is a free-to-play battle royale-hero shooter game developed by Respawn Entertainment and published by Electronic Arts. 
Before the match, players form into two- or three-player squads, and select from pre-designed characters with distinctive abilities, known as \"Legends\".",
"ACT", "2023-04-16"),

("World of Warcraft", LOAD_FILE("C:\\ProgramData\\MySQL\\MySQL Server 8.0\\Uploads\\WoW_Cover.jpg"), 
LOAD_FILE("C:\\ProgramData\\MySQL\\MySQL Server 8.0\\Uploads\\WoW_Banner.png"), 
"World of Warcraft (WoW) is a massively multiplayer online role-playing game (MMORPG) released in 2004 by Blizzard Entertainment. Similar to other MMORPGs, the game allows 
players to create a character avatar and explore an open game world in third- or first-person view, exploring the landscape, fighting various monsters, completing quests, 
and interacting with non-player characters (NPCs) or other players. The game encourages players to work together to complete quests, enter dungeons and engage in player 
versus player (PvP) combat, however, the game can also be played solo without interacting with others.",
"ACT", "2024-01-22"),

("Valorant", LOAD_FILE("C:\\ProgramData\\MySQL\\MySQL Server 8.0\\Uploads\\Valorant_Cover.jpg"), 
LOAD_FILE("C:\\ProgramData\\MySQL\\MySQL Server 8.0\\Uploads\\Valorant_Banner.jpg"), 
"Valorant is a team-based first-person tactical hero shooter developed and published by Riot Games, set in the near future. Players play as one of a set of Agents, characters 
based on several countries and cultures around the world. In the main game mode, players are assigned to either the attacking or defending team with each team having five 
players on it. Agents have unique abilities, each requiring charges, as well as a unique ultimate ability that requires charging through kills, deaths, orbs, or objectives.",
"ACT", "2024-05-02"),

("Counter-Strike 2", LOAD_FILE("C:\\ProgramData\\MySQL\\MySQL Server 8.0\\Uploads\\CS2_Cover.jpg"), 
LOAD_FILE("C:\\ProgramData\\MySQL\\MySQL Server 8.0\\Uploads\\CS2_Banner.png"), 
"Counter-Strike 2 is a 2023 multiplayer tactical first-person shooter game developed and published by Valve. It is the fifth main installment of the Counter-Strike series. 
Developed as an updated version of the previous main entry, Counter-Strike: Global Offensive (2012). Like its predecessor, the game pits two teams, the Counter-Terrorists 
and the Terrorists, against each other in various objective-based game modes.",
"ACT", "2023-10-20"),

("Dota 2", LOAD_FILE("C:\\ProgramData\\MySQL\\MySQL Server 8.0\\Uploads\\Dota2_Cover.jpg"), 
LOAD_FILE("C:\\ProgramData\\MySQL\\MySQL Server 8.0\\Uploads\\Dota2_Banner.png"), 
"Dota 2 is a 2013 multiplayer online battle arena (MOBA) video game by Valve. The game is a sequel to Defense of the Ancients (DotA), a community-created mod for Blizzard 
Entertainment's Warcraft III: Reign of Chaos. Dota 2 is played in matches between two teams of five players, with each team occupying and defending their own separate base 
on the map. Each of the ten players independently controls a powerful character known as a \"hero\" that all have unique abilities and differing styles of play.",
"ACT", "2023-02-14"),

("League of Legends", LOAD_FILE("C:\\ProgramData\\MySQL\\MySQL Server 8.0\\Uploads\\LoL_Cover.jpg"), 
LOAD_FILE("C:\\ProgramData\\MySQL\\MySQL Server 8.0\\Uploads\\LoL_Banner.jpg"), 
"League of Legends (LoL), commonly referred to as League, is a 2009 multiplayer online battle arena video game developed and published by Riot Games.
In the game, two teams of five players battle in player-versus-player combat, each team occupying and defending their half of the map. Each of the 
ten players controls a character, known as a \"champion\", with unique abilities and differing styles of play.",
"ACT", "2022-11-30"),

("Minecraft", LOAD_FILE("C:\\ProgramData\\MySQL\\MySQL Server 8.0\\Uploads\\Minecraft_Cover.jpg"), 
LOAD_FILE("C:\\ProgramData\\MySQL\\MySQL Server 8.0\\Uploads\\Minecraft_Banner.jpg"), 
"Minecraft is a 3D sandbox adventure game developed by Mojang Studios where players can interact with a fully customizable world made of blocks and entities. Its diverse 
gameplay options allow players to choose the way they play, creating countless possibilities. In Minecraft, players explore a blocky, pixelated, procedurally generated, 
three-dimensional world with virtually infinite terrain. Players can discover and extract raw materials, craft tools and items, and build structures, earthworks, and machines.",
"ACT", "2023-07-25"),

("PUBG: Battlegrounds", LOAD_FILE("C:\\ProgramData\\MySQL\\MySQL Server 8.0\\Uploads\\PUBG_Cover.jpg"), 
LOAD_FILE("C:\\ProgramData\\MySQL\\MySQL Server 8.0\\Uploads\\PUBG_Banner.jpg"), 
"PUBG: Battlegrounds is a battle royale game developed by PUBG Studios and published by Krafton. The game is played from either a third-person or first-person perspective. In the game, 
up to one hundred players parachute onto an island where they scavenge for weapons and equipment to kill other players while avoiding getting killed themselves. The available safe area 
of the game's map decreases in size over time, directing surviving players into an ever tightening space to force encounters. The last surviving player (or team) wins the round.",
"ACT", "2024-05-15");

-- Follow
INSERT INTO gamehub.follow (IDUser, IDForum, DateFollowed) VALUES
(3, 7, '2024-05-13'),
(1, 2, '2023-07-15'),
(2, 8, '2023-12-03'),
(4, 3, '2023-10-15'),
(5, 6, '2024-01-27'),
(6, 8, '2023-12-03'),
(7, 1, '2023-01-20'),
(7, 2, '2023-12-03'),
(8, 8, '2023-12-11'),
(9, 1, '2023-11-03'),
(9, 4, '2023-12-03'),
(9, 5, '2023-12-03'),
(9, 7, '2024-01-27'),
(10, 1, '2024-02-20'),
(11, 5, '2024-01-27'),
(11, 6, '2024-02-21'),
(12, 7, '2024-03-23'),
(13, 8, '2024-04-22'),
(14, 2, '2024-01-21'),
(15, 2, '2024-01-19'),
(15, 3, '2024-01-17'),
(16, 1, '2024-05-05');

-- Post
INSERT INTO gamehub.post (IDForum, IDUser, Title, Body, Status, DateCreated) VALUES
(3, 14, "New strategies for the latest update", "Check out these new strategies for dominating in the latest update!", "ACT", "2023-07-15"),
(6, 27, "Looking for teammates", "I'm looking for some skilled players to team up with. Anyone interested?", "ACT", "2022-11-30"),
(2, 8, "Bug report: Game crashing frequently", "Has anyone else been experiencing frequent crashes since the last update?", "ACT", "2024-01-22"),
(8, 21, "Excited about the upcoming tournament", NULL, "ACT", "2023-09-10"),
(1, 4, "Discussion: Favorite weapon skins", "Let's talk about our favorite weapon skins in the game. Share your favorites!", "ACT", "2022-05-18"),
(5, 32, "Tips for new players", "Here are some tips for new players just starting out in the game.", "ACT", "2023-03-07"),
(4, 17, "Feedback on recent balance changes", "What are your thoughts on the recent balance changes? Share your feedback here.", "ACT", "2022-08-29"),
(7, 11, "LFG for ranked matches", "Looking for a group to play ranked matches with. Must be serious and communicate well.", "ACT", "2024-02-14"),
(3, 2, "Discussing the latest patch notes", "Let's discuss the changes and additions in the latest patch notes.", "ACT", "2023-11-25"),
(6, 28, "Funny glitch I encountered", "Check out this hilarious glitch I encountered while playing yesterday!", "ACT", "2022-07-03"),
(2, 9, "Question about game mechanics", "Can someone explain how this particular game mechanic works? I'm a bit confused.", "ACT", "2023-04-16"),
(8, 23, "Looking for a new guild", NULL, "ACT", "2022-09-28"),
(1, 5, "Favorite map for sniping", "What's your favorite map for sniping in the game? Share your thoughts!", "ACT", "2024-03-12"),
(5, 30, "How to move forward in videogames", NULL, "DEL", "2023-06-05"),
(4, 18, "Strategy discussion: Holding angles", "Let's discuss effective strategies for holding angles in competitive matches.", "ACT", "2022-12-20"),
(7, 12, "Looking for a duo partner", "I'm looking for a reliable duo partner to climb the ranks with. Any takers?", "ACT", "2024-05-02"),
(3, 3, "Rant: Matchmaking frustrations", "Just needed to vent about the terrible matchmaking I've been experiencing lately.", "ACT", "2023-02-14"),
(6, 29, "Game-breaking bug: Unable to progress", "Encountered a game-breaking bug that prevents me from progressing. Help!", "ACT", "2024-04-09"),
(2, 10, "Suggestion: New game mode idea", "I have an idea for a new game mode that I think would be really fun. What do you think?", "ACT", "2023-07-25"),
(8, 24, "Looking for tips on improving aim", NULL, "ACT", "2022-11-07"),
(1, 6, "Share your favorite gaming memories", "Let's take a trip down memory lane and share our favorite gaming memories.", "ACT", "2024-01-03"),
(5, 33, "Random topic", NULL, "DEL", "2023-04-29"),
(4, 19, "Discussion: Best loadout combinations", "What are your favorite loadout combinations for maximum effectiveness?", "ACT", "2022-08-13"),
(7, 13, "Announcement: Server maintenance", "Just a heads up, there will be scheduled server maintenance tomorrow morning.", "ACT", "2024-03-07"),
(3, 7, "Recruiting for a casual gaming group", "Looking for chill players to join our casual gaming group. No pressure, just fun!", "ACT", "2023-10-20"),
(6, 30, "Bug report: Invisible players", "Encountered a strange bug where players are appearing invisible in-game. Anyone else experiencing this?", "ACT", "2022-12-16"),
(2, 11, "Discussion: Favorite game modes", "Let's discuss our favorite game modes and why we love them.", "ACT", "2024-02-26"),
(8, 25, "Tips for completing the latest event", NULL, "ACT", "2023-05-10"),
(1, 7, "Looking for advice on improving KD ratio", "Any tips for improving my KD ratio? I seem to be stuck in a rut.", "ACT", "2022-10-31"),
(5, 34, "Question about map callouts", "Can someone provide a list of map callouts for this map? I'm still learning them.", "ACT", "2024-04-20"),
(4, 20, "This game is bad", NULL, "DEL", "2022-07-14"),
(7, 14, "Discussion: Favorite in-game events", "What are some of your favorite in-game events that you've participated in?", "ACT", "2023-01-16"),
(3, 8, "Rant: Cheaters ruining the game", "Cheaters are ruining the game experience for everyone. It's frustrating!", "ACT", "2023-10-20"),
(9, 16, "Looking for tips on improving aim", "What are your favorite loadout combinations for maximum effectiveness?", "ACT", "2023-07-15"),
(9, 18, "Discussing the latest patch notes", "Let's discuss the changes and additions in the latest patch notes.", "ACT", "2023-11-25");

-- Comment
INSERT INTO gamehub.comment (IDUser, IDPost, Body, Status, DateCreated) VALUES
(5, 1, "Great strategies, thanks for sharing!", "ACT", "2023-07-15"),
(12, 2, "I'm interested! What platform are you playing on?", "ACT", "2022-11-30"),
(18, 3, "I've been experiencing crashes too. It's really frustrating.", "ACT", "2024-01-22"),
(27, 4, "I'm hyped for the tournament too! Can't wait to compete.", "ACT", "2023-09-10"),
(8, 5, "I love the Dragon Lore skin! It's so iconic.", "ACT", "2022-05-18"),
(14, 6, "Thanks for the tips! I'll definitely try them out.", "ACT", "2023-03-07"),
(21, 7, "The recent balance changes feel really good overall.", "ACT", "2022-08-29"),
(3, 8, "Count me in for ranked matches! Let's climb together.", "ACT", "2024-02-14"),
(32, 9, "I'm loving the new patch. So many exciting changes!", "ACT", "2023-11-25"),
(7, 10, "That glitch is hilarious! Thanks for sharing.", "ACT", "2022-07-03"),
(9, 11, "Sure, I can explain it to you. What specifically are you confused about?", "ACT", "2023-04-16"),
(23, 12, "I'm also looking for a guild. Let me know if you find one!", "ACT", "2022-09-28"),
(6, 13, "The nostalgia of Dust2 is unbeatable for sniping!", "ACT", "2024-03-12"),
(20, 14, "Yeah, the matchmaking has been rough lately. Hopefully it gets better soon.", "ACT", "2023-02-14"),
(10, 15, "That bug sounds game-breaking indeed. Have you tried contacting support?", "ACT", "2024-04-09"),
(28, 16, "Your game mode idea sounds interesting. Can you share more details?", "ACT", "2023-07-25"),
(11, 17, "Looking for tips on improving aim? Try adjusting your sensitivity settings.", "ACT", "2022-11-07"),
(15, 18, "Sharing gaming memories is always fun! I have so many to share.", "ACT", "2024-01-03"),
(30, 19, "I agree, cheaters really ruin the experience for everyone.", "ACT", "2023-10-20"),
(13, 20, "I've encountered that bug too. It's frustrating.", "ACT", "2022-12-16"),
(24, 21, "Your new game mode idea sounds intriguing. I'd love to hear more about it.", "ACT", "2024-02-26"),
(29, 22, "Let's team up for the event! Together, we can complete it.", "ACT", "2023-05-10"),
(17, 23, "Improving KD ratio takes practice. Focus on positioning and aim.", "ACT", "2022-10-31"),
(34, 24, "Map callouts are essential for teamwork. I'll share some with you.", "ACT", "2024-04-20"),
(19, 25, "I agree, the recent balance changes have been great for the game.", "ACT", "2022-07-14"),
(25, 26, "Thanks for the heads up about the server maintenance.", "ACT", "2023-01-16"),
(2, 27, "I'm interested in joining a casual gaming group. Count me in!", "ACT", "2023-10-20"),
(33, 28, "That invisible player bug sounds frustrating. Hope it gets fixed soon.", "ACT", "2022-09-28"),
(16, 29, "Favorite game modes are always a fun topic to discuss!", "ACT", "2023-06-05"),
(31, 30, "I'd love to see that new game mode implemented. Sounds fun!", "ACT", "2024-03-07"),
(22, 31, "Thanks for the tips on improving aim. I'll give them a try.", "ACT", "2023-10-20"),
(26, 32, "Map callouts are crucial for effective communication in-game.", "ACT", "2022-12-16"),
(1, 33, "I'm excited about the upcoming tournament too. Let's do our best!", "ACT", "2024-02-26"),
(4, 1, "Great strategies, thanks for sharing!", "ACT", "2023-07-15"),
(15, 2, "I'm interested! What platform are you playing on?", "ACT", "2022-11-30"),
(21, 3, "I've been experiencing crashes too. It's really frustrating.", "ACT", "2024-01-22"),
(30, 4, "I'm hyped for the tournament too! Can't wait to compete.", "ACT", "2023-09-10"),
(9, 5, "I love the Dragon Lore skin! It's so iconic.", "ACT", "2022-05-18"),
(22, 6, "Thanks for the tips! I'll definitely try them out.", "ACT", "2023-03-07"),
(25, 7, "The recent balance changes feel really good overall.", "ACT", "2022-08-29"),
(17, 8, "Count me in for ranked matches! Let's climb together.", "ACT", "2024-02-14"),
(33, 9, "I'm loving the new patch. So many exciting changes!", "ACT", "2023-11-25"),
(20, 10, "That glitch is hilarious! Thanks for sharing.", "ACT", "2022-07-03"),
(3, 11, "Sure, I can explain it to you. What specifically are you confused about?", "ACT", "2023-04-16"),
(19, 12, "I'm also looking for a guild. Let me know if you find one!", "ACT", "2022-09-28"),
(2, 13, "The nostalgia of Dust2 is unbeatable for sniping!", "ACT", "2024-03-12"),
(28, 14, "Yeah, the matchmaking has been rough lately. Hopefully it gets better soon.", "ACT", "2023-02-14"),
(14, 15, "That bug sounds game-breaking indeed. Have you tried contacting support?", "ACT", "2024-04-09"),
(1, 16, "Your game mode idea sounds interesting. Can you share more details?", "ACT", "2023-07-25"),
(18, 17, "Looking for tips on improving aim? Try adjusting your sensitivity settings.", "ACT", "2022-11-07"),
(23, 18, "Sharing gaming memories is always fun! I have so many to share.", "ACT", "2024-01-03"),
(27, 19, "I agree, cheaters really ruin the experience for everyone.", "ACT", "2023-10-20"),
(8, 20, "I've encountered that bug too. It's frustrating.", "ACT", "2022-12-16"),
(12, 21, "Your new game mode idea sounds intriguing. I'd love to hear more about it.", "ACT", "2024-02-26"),
(29, 22, "Let's team up for the event! Together, we can complete it.", "ACT", "2023-05-10"),
(11, 23, "Improving KD ratio takes practice. Focus on positioning and aim.", "DEL", "2022-10-31"),
(26, 24, "Map callouts are essential for teamwork. I'll share some with you.", "DEL", "2024-04-20"),
(13, 25, "I agree, the recent balance changes have been great for the game.", "DEL", "2022-07-14"),
(31, 26, "Thanks for the heads up about the server maintenance.", "DEL", "2023-01-16"),
(6, 27, "I'm interested in joining a casual gaming group. Count me in!", "DEL", "2023-10-20"),
(32, 28, "That invisible player bug sounds frustrating. Hope it gets fixed soon.", "DEL", "2022-09-28"),
(16, 29, "Favorite game modes are always a fun topic to discuss!", "DEL", "2023-06-05"),
(7, 30, "I'd love to see that new game mode implemented. Sounds fun!", "DEL", "2024-03-07"),
(24, 31, "Thanks for the tips on improving aim. I'll give them a try.", "DEL", "2023-10-20"),
(34, 32, "Map callouts are crucial for effective communication in-game.", "DEL", "2022-12-16"),
(10, 33, "I'm excited about the upcoming tournament too. Let's do our best!", "DEL", "2024-02-26");

-- Liked post
INSERT INTO gamehub.liked_post (IDUser, IDPost, DateLiked) VALUES
(17, 1, "2023-06-10"),
(5, 2, "2022-09-20"),
(12, 3, "2024-02-05"),
(28, 4, "2023-04-15"),
(8, 5, "2022-11-30"),
(21, 6, "2024-01-22"),
(33, 7, "2023-08-10"),
(10, 8, "2022-07-03"),
(29, 9, "2024-03-18"),
(7, 10, "2023-01-05"),
(3, 11, "2022-05-30"),
(14, 12, "2023-12-12"),
(26, 13, "2022-08-25"),
(1, 14, "2023-10-14"),
(18, 15, "2022-04-20"),
(30, 16, "2023-09-28"),
(13, 17, "2022-12-02"),
(20, 18, "2023-06-20"),
(32, 19, "2024-02-17"),
(9, 20, "2023-07-08"),
(25, 21, "2022-11-15"),
(19, 23, "2022-09-03"),
(31, 24, "2023-01-30"),
(11, 25, "2024-03-25"),
(27, 26, "2023-12-20"),
(15, 27, "2023-05-10"),
(22, 28, "2022-10-22"),
(6, 29, "2024-02-09"),
(16, 30, "2023-08-02"),
(24, 31, "2022-07-16"),
(4, 32, "2024-01-28"),
(23, 33, "2023-11-08"),
(24, 5, "2022-09-05"),
(23, 7, "2022-05-18"),
(17, 8, "2023-03-30"),
(5, 9, "2022-12-10"),
(12, 10, "2023-09-02"),
(28, 11, "2022-07-25"),
(8, 12, "2023-05-15"),
(21, 13, "2022-10-18"),
(33, 14, "2024-02-12"),
(10, 15, "2023-08-05"),
(29, 16, "2022-06-28"),
(7, 17, "2024-01-10"),
(3, 18, "2023-04-20"),
(14, 19, "2022-11-22"),
(26, 20, "2023-10-02"),
(30, 23, "2023-05-30"),
(13, 24, "2022-10-24"),
(20, 25, "2023-03-15"),
(32, 26, "2022-12-28"),
(25, 28, "2022-06-12"),
(2, 29, "2024-01-05"),
(31, 31, "2022-04-28"),
(11, 32, "2023-11-02"),
(27, 33, "2022-08-25"),
(6, 3, "2022-06-15"),
(4, 6, "2023-07-20"),
(16, 4, "2022-07-28"),
(19, 30, "2024-03-05"),
(15, 1, "2023-07-10"),
(22, 2, "2022-12-30"),
(9, 27, "2024-02-15"),
(1, 21, "2022-11-05"),
(18, 22, "2023-06-25");

-- Liked comment
INSERT INTO gamehub.liked_comment (IDUser, IDCom, DateLiked) VALUES
(7, 7, '2024-05-14'),
(3, 55, '2023-12-31'),
(9, 18, '2022-07-15'),
(18, 48, '2025-03-20'),
(16, 53, '2023-09-05'),
(1, 3, '2022-11-28'),
(7, 11, '2024-01-10'),
(18, 18, '2023-08-02'),
(5, 38, '2022-04-18'),
(24, 14, '2025-02-14'),
(7, 16, '2023-06-30'),
(14, 65, '2022-09-10'),
(8, 27, '2024-04-01'),
(20, 49, '2023-01-25'),
(8, 38, '2022-05-05'),
(21, 12, '2024-10-22'),
(33, 52, '2023-07-18'),
(34, 30, '2022-12-12'),
(22, 34, '2025-05-01'),
(25, 66, '2023-04-08'),
(12, 2, '2024-11-15'),
(19, 25, '2022-06-20'),
(12, 21, '2023-03-12'),
(3, 10, '2024-09-28'),
(8, 3, '2022-08-05'),
(3, 40, '2023-10-30'),
(23, 54, '2024-02-18'),
(15, 65, '2022-01-01'),
(13, 56, '2024-08-10'),
(30, 43, '2023-05-22'),
(14, 27, '2022-10-01'),
(5, 50, '2024-03-05'),
(8, 12, '2023-02-20'),
(13, 34, '2022-12-25'),
(32, 1, '2025-01-14'),
(1, 21, '2023-09-18'),
(9, 51, '2022-07-02'),
(11, 18, '2024-04-22'),
(3, 42, '2023-01-15'),
(3, 54, '2022-05-30'),
(17, 5, '2024-12-08'),
(12, 8, '2023-08-02'),
(26, 8, '2022-11-20'),
(15, 42, '2024-06-15'),
(24, 46, '2023-04-02'),
(2, 51, '2022-09-05'),
(26, 63, '2025-03-25'),
(17, 35, '2023-06-10'),
(31, 35, '2022-10-18'),
(24, 45, '2024-01-28'),
(34, 38, '2023-03-22'),
(16, 5, '2022-07-10'),
(22, 24, '2024-05-20'),
(29, 59, '2023-12-15'),
(3, 49, '2022-02-01'),
(34, 24, '2025-01-30'),
(28, 36, '2023-09-25'),
(16, 44, '2022-05-15'),
(10, 3, '2024-11-02'),
(19, 59, '2023-02-28'),
(16, 34, '2022-08-20'),
(14, 34, '2024-03-15'),
(16, 13, '2023-05-05'),
(17, 54, '2022-12-01'),
(33, 9, '2024-07-10'),
(28, 14, '2023-01-05'),
(27, 47, '2022-06-25'),
(13, 33, '2024-10-08'),
(13, 63, '2023-04-22'),
(19, 4, '2022-09-15'),
(4, 57, '2025-04-05'),
(30, 66, '2023-06-20'),
(24, 32, '2022-11-10'),
(1, 62, '2024-02-02'),
(22, 54, '2023-03-30'),
(15, 1, '2022-07-25'),
(13, 25, '2024-05-30'),
(27, 64, '2023-12-25'),
(2, 39, '2022-02-10'),
(2, 17, '2025-02-20'),
(3, 31, '2023-10-15'),
(3, 28, '2022-05-01'),
(28, 5, '2024-11-18'),
(5, 7, '2023-02-12'),
(26, 18, '2022-08-30'),
(30, 2, '2024-04-20'),
(8, 11, '2023-05-10'),
(14, 37, '2022-12-05'),
(6, 60, '2024-08-15'),
(4, 36, '2023-01-10'),
(15, 48, '2022-07-01'),
(8, 4, '2024-10-30'),
(29, 39, '2023-04-15'),
(27, 18, '2022-09-10'),
(1, 15, '2025-04-20'),
(10, 28, '2023-06-25'),
(17, 33, '2022-11-15');

-- Team
INSERT INTO gamehub.team (Name, NumberOfPlayers, Status, Description, IDForum, DateCreated) VALUES
-- 32 lol
("Matrix", 5, 'ACT', 'Best team in the world.', 7, NOW()),    -- Admin's team (id=1)
("Shadow Reapers", 5, 'ACT', 'An elite squad known for their stealth and precision.', 7, NOW()),
("Phoenix Rising", 5, 'ACT', 'A team that rises to any challenge with relentless determination.', 7, NOW()),
("Crimson Knights", 5, 'ACT', 'Guardians of the battlefield, known for their bravery and strength.', 7, NOW()),
("Thunder Strikers", 5, 'ACT', 'Masters of surprise attacks and swift victories.', 7, NOW()),
("Dragon Warriors", 5, 'ACT', 'Fearless fighters with a legendary reputation.', 7, NOW()),
("Night Stalkers", 5, 'ACT', 'Silent but deadly, they dominate the night.', 7, NOW()),
("Iron Wolves", 5, 'ACT', 'Strong and relentless, they never back down.', 7, NOW()),
("Vortex Vipers", 5, 'ACT', 'Fast and cunning, they strike without warning.', 7, NOW()),
("Cyber Titans", 5, 'ACT', 'Technologically advanced and strategically superior.', 7, NOW()),
("Frost Giants", 5, 'ACT', 'Cold and calculating, they bring a chill to their foes.', 7, NOW()),
("Blaze Hunters", 5, 'ACT', 'Fiery and fierce, they hunt their prey with passion.', 7, NOW()),
("Mystic Mages", 5, 'ACT', 'Masters of magic, they enchant and dominate.', 7, NOW()),
("Ghost Raiders", 5, 'ACT', 'Invisible and invincible, they raid with precision.', 7, NOW()),
("Steel Panthers", 5, 'ACT', 'Ferocious and unyielding, they strike with steel.', 7, NOW()),
("Doom Bringers", 5, 'ACT', 'Harbingers of destruction, they leave chaos in their wake.', 7, NOW()),
("Sky Hawks", 5, 'ACT', 'Masters of the sky, they swoop in for the win.', 7, NOW()),
("Nebula Guardians", 5, 'ACT', 'Protectors of the cosmos, their reach is infinite.', 7, NOW()),
("Rogue Assassins", 5, 'ACT', 'Silent and deadly, experts in covert operations.', 7, NOW()),
("Solar Sentinels", 5, 'ACT', 'Vigilant and powerful, they shine bright on the battlefield.', 7, NOW()),
("Venom Fangs", 5, 'ACT', 'Striking with precision and deadly venom.', 7, NOW()),
("Galactic Rangers", 5, 'ACT', 'Explorers of the galaxy, they bring order to chaos.', 7, NOW()),
("Thunder Cats", 5, 'ACT', 'Roaring with power, they dominate the arena.', 7, NOW()),
("Iron Eagles", 5, 'ACT', 'Soaring high and striking hard.', 7, NOW()),
("Chaos Dragons", 5, 'ACT', 'Bringers of chaos, they thrive in disorder.', 7, NOW()),
("Silver Foxes", 5, 'ACT', 'Clever and strategic, they outwit their opponents.', 7, NOW()),
("Storm Riders", 5, 'ACT', 'Riding the storm, they bring thunder and lightning.', 7, NOW()),
("Savage Beasts", 5, 'ACT', 'Untamed and fierce, they leave nothing but destruction.', 7, NOW()),
("Phantom Warriors", 5, 'ACT', 'Elusive and deadly, they strike fear into their foes.', 7, NOW()),
("Titan Slayers", 5, 'ACT', 'Heroes who bring down the mightiest of opponents.', 7, NOW()),
("Cyber Ninjas", 5, 'ACT', 'Blending technology with martial arts for perfect precision.', 7, NOW()),
("Inferno Blades", 5, 'ACT', 'Wielders of fiery blades, they burn through any challenge.', 7, NOW()),
-- 16 lol
("Crystal Phantoms", 5, 'ACT', 'Mysterious and elusive, they strike like phantoms.', 7, NOW()),
("Blazing Suns", 5, 'ACT', 'Radiant and powerful, they burn through the competition.', 7, NOW()),
("Storm Bringers", 5, 'ACT', 'Masters of the storm, they bring chaos to the battlefield.', 7, NOW()),
("Shadow Serpents", 5, 'ACT', 'Silent and deadly, they strike from the shadows.', 7, NOW()),
("Arctic Wolves", 5, 'ACT', 'Cold and relentless, they dominate the frozen battlefield.', 7, NOW()),
("Mystic Shadows", 5, 'ACT', 'Enigmatic and powerful, they wield ancient magic.', 7, NOW()),
("Desert Falcons", 5, 'ACT', 'Swift and fierce, they rule the desert skies.', 7, NOW()),
("Steel Dragons", 5, 'ACT', 'Strong and unyielding, they crush their enemies.', 7, NOW()),
("Lightning Strikes", 5, 'ACT', 'Fast and powerful, they strike like lightning.', 7, NOW()),
("Ghost Legion", 5, 'ACT', 'Invisible and invincible, they haunt the battlefield.', 7, NOW()),
("Venomous Vipers", 5, 'ACT', 'Deadly and cunning, they strike with venomous precision.', 7, NOW()),
("Silver Stallions", 5, 'ACT', 'Graceful and powerful, they gallop to victory.', 7, NOW()),
("Omega Squad", 5, 'ACT', 'Elite and unstoppable, they are the ultimate force.', 7, NOW()),
("Inferno Phantoms", 5, 'ACT', 'Fiery and mysterious, they burn through the competition.', 7, NOW()),
("Crimson Phoenix", 5, 'ACT', 'Reborn from the ashes, they rise to any challenge.', 7, NOW()),
("Frostbite Clan", 5, 'ACT', 'Cold and merciless, they freeze their enemies in their tracks.', 7, NOW()),
-- 25 fortnite
("Matrix", 4, 'ACT', 'Best team in the world.', 1, NOW()),    -- Admin's team (id=49)
("Blizzard Hawks", 4, 'ACT', 'Swift and chilling, they dominate the frosty realms.', 1, NOW()),
("Solar Flares", 4, 'ACT', 'Radiant and intense, they shine bright in battle.', 1, NOW()),
("Void Walkers", 4, 'ACT', 'Mysterious and powerful, they traverse the void.', 1, NOW()),
("Iron Claws", 4, 'ACT', 'Strong and unyielding, they crush their foes with iron might.', 1, NOW()),
("Mystic Warriors", 4, 'ACT', 'Wielders of ancient magic, they fight with mystical power.', 1, NOW()),
("Nebula Ninjas", 4, 'ACT', 'Silent and swift, they strike from the shadows of space.', 1, NOW()),
("Thunder Eagles", 4, 'ACT', 'Roaring through the skies, they bring thunder to the battlefield.', 1, NOW()),
("Cosmic Crusaders", 4, 'ACT', 'Defenders of the universe, they fight for cosmic justice.', 1, NOW()),
("Shadow Hunters", 4, 'ACT', 'Stealthy and lethal, they hunt their enemies in the dark.', 1, NOW()),
("Phoenix Blades", 4, 'ACT', 'Reborn from the ashes, their blades burn bright.', 1, NOW()),
("Storm Falcons", 4, 'ACT', 'Riding the storm, they dominate the skies.', 1, NOW()),
("Crystal Blades", 4, 'ACT', 'Sharp and radiant, they cut through any obstacle.', 1, NOW()),
("Galaxy Rangers", 4, 'ACT', 'Explorers of the galaxy, they bring order to the cosmos.', 1, NOW()),
("Titan Guardians", 4, 'ACT', 'Colossal and mighty, they protect with unmatched strength.', 1, NOW()),
("Venomous Shadows", 4, 'ACT', 'Lurking in the darkness, they strike with deadly precision.', 1, NOW()),
("Frost Wolves", 4, 'ACT', 'Cold and fierce, they rule the frozen battlefield.', 1, NOW()),
("Iron Phantoms", 4, 'ACT', 'Ghostly and strong, they haunt the battlefield with iron will.', 1, NOW()),
("Lightning Hawks", 4, 'ACT', 'Fast and fierce, they strike like lightning from the sky.', 1, NOW()),
("Cyber Warriors", 4, 'ACT', 'Technologically advanced, they fight with digital precision.', 1, NOW()),
("Inferno Titans", 4, 'ACT', 'Fiery and mighty, they burn through any challenge.', 1, NOW()),
("Savage Dragons", 4, 'ACT', 'Ferocious and powerful, they dominate the battlefield.', 1, NOW()),
("Silver Ghosts", 4, 'ACT', 'Ethereal and elusive, they haunt their enemies.', 1, NOW()),
("Omega Phantoms", 4, 'ACT', 'Elite and mysterious, they are the ultimate force.', 1, NOW()),
("Mystic Eagles", 4, 'ACT', 'Majestic and magical, they soar with mystical power.', 1, NOW()),
-- 50 fortnite
("Tempest Riders", 2, 'ACT', 'Masters of the storm, they ride the tempest to victory.', 1, NOW()),
("Celestial Knights", 2, 'ACT', 'Defenders of the celestial realm, shining bright in battle.', 1, NOW()),
("Shadow Wraiths", 2, 'ACT', 'Ethereal and deadly, they haunt the battlefield.', 1, NOW()),
("Solar Titans", 2, 'ACT', 'Radiant and mighty, they dominate with solar power.', 1, NOW()),
("Lunar Sentinels", 2, 'ACT', 'Guardians of the night, powerful under the moonlight.', 1, NOW()),
("Iron Paladins", 2, 'ACT', 'Strong and resolute, they fight with iron conviction.', 1, NOW()),
("Venomous Scorpions", 2, 'ACT', 'Deadly and cunning, they strike with venomous precision.', 1, NOW()),
("Starlight Warriors", 2, 'ACT', 'Shining bright, they fight with the power of the stars.', 1, NOW()),
("Frost Giants", 2, 'ACT', 'Colossal and cold, they dominate the frozen battlefield.', 1, NOW()),
("Phantom Snipers", 2, 'ACT', 'Silent and deadly, they strike from the shadows.', 1, NOW()),
("Blazing Comets", 2, 'ACT', 'Fast and fiery, they blaze through the competition.', 1, NOW()),
("Iron Titans", 2, 'ACT', 'Mighty and unyielding, they crush their enemies.', 1, NOW()),
("Crystal Falcons", 2, 'ACT', 'Sharp and radiant, they soar with crystal clarity.', 1, NOW()),
("Shadow Knights", 2, 'ACT', 'Silent and strong, they fight with shadowy precision.', 1, NOW()),
("Galactic Phantoms", 2, 'ACT', 'Mysterious and powerful, they haunt the galaxy.', 1, NOW()),
("Thunder Wolves", 2, 'ACT', 'Roaring with power, they dominate the battlefield.', 1, NOW()),
("Mystic Phantoms", 2, 'ACT', 'Enigmatic and powerful, they wield ancient magic.', 1, NOW()),
("Solar Guardians", 2, 'ACT', 'Radiant and vigilant, they protect with solar power.', 1, NOW()),
("Venomous Dragons", 2, 'ACT', 'Deadly and fierce, they strike with venomous might.', 1, NOW()),
("Storm Titans", 2, 'ACT', 'Mighty and unstoppable, they ride the storm.', 1, NOW()),
("Iron Wraiths", 2, 'ACT', 'Ghostly and strong, they haunt the battlefield with iron will.', 1, NOW()),
("Crystal Knights", 2, 'ACT', 'Sharp and strong, they fight with crystal precision.', 1, NOW()),
("Frost Phantoms", 2, 'ACT', 'Ethereal and cold, they dominate the frozen realms.', 1, NOW()),
("Cyber Titans", 2, 'ACT', 'Technologically advanced, they fight with digital power.', 1, NOW()),
("Phoenix Guardians", 2, 'ACT', 'Reborn from the ashes, they protect with fiery might.', 1, NOW()),
("Silver Phantoms", 2, 'ACT', 'Ethereal and radiant, they haunt the battlefield.', 1, NOW()),
("Omega Warriors", 2, 'ACT', 'Elite and unstoppable, they are the ultimate force.', 1, NOW()),
("Mystic Dragons", 2, 'ACT', 'Magical and fierce, they fight with mystical power.', 1, NOW()),
("Blizzard Titans", 2, 'ACT', 'Mighty and cold, they dominate the frozen battlefield.', 1, NOW()),
("Inferno Falcons", 2, 'ACT', 'Fiery and fierce, they soar with blazing might.', 1, NOW()),
("Thunder Phantoms", 2, 'ACT', 'Roaring with power, they haunt the battlefield.', 1, NOW()),
("Crystal Guardians", 2, 'ACT', 'Sharp and vigilant, they protect with crystal clarity.', 1, NOW()),
("Venomous Phantoms", 2, 'ACT', 'Deadly and ethereal, they strike with venomous precision.', 1, NOW()),
("Shadow Titans", 2, 'ACT', 'Mighty and elusive, they dominate the shadows.', 1, NOW()),
("Frost Guardians", 2, 'ACT', 'Cold and vigilant, they protect the frozen realms.', 1, NOW()),
("Solar Warriors", 2, 'ACT', 'Radiant and fierce, they fight with solar power.', 1, NOW()),
("Iron Falcons", 2, 'ACT', 'Strong and fierce, they soar with iron might.', 1, NOW()),
("Mystic Titans", 2, 'ACT', 'Mighty and magical, they dominate with mystical power.', 1, NOW()),
("Venomous Guardians", 2, 'ACT', 'Deadly and vigilant, they protect with venomous precision.', 1, NOW()),
("Shadow Dragons", 2, 'ACT', 'Elusive and fierce, they strike from the shadows.', 1, NOW()),
("Blazing Titans", 2, 'ACT', 'Mighty and fiery, they blaze through the competition.', 1, NOW()),
("Crystal Phantoms", 2, 'ACT', 'Sharp and ethereal, they haunt the battlefield.', 1, NOW()),
("Inferno Guardians", 2, 'ACT', 'Fiery and vigilant, they protect with blazing might.', 1, NOW()),
("Iron Warriors", 2, 'ACT', 'Strong and resolute, they fight with iron will.', 1, NOW()),
("Storm Phantoms", 2, 'ACT', 'Roaring with power, they haunt the storm.', 1, NOW()),
("Frost Titans", 2, 'ACT', 'Mighty and cold, they dominate the frozen battlefield.', 1, NOW()),
("Solar Phantoms", 2, 'ACT', 'Radiant and ethereal, they haunt the battlefield.', 1, NOW()),
("Crystal Warriors", 2, 'ACT', 'Sharp and strong, they fight with crystal precision.', 1, NOW()),
("Inferno Titans", 2, 'ACT', 'Fiery and mighty, they dominate with blazing power.', 1, NOW()),
("Shadow Blades", 2, 'ACT', 'Stealthy and sharp, they cut through the darkness.', 1, NOW());


-- Team member
INSERT INTO gamehub.team_member (IDUser, IDForum, IDTeam, IsLeader, DateJoined, LastMsgReadDate) VALUES
-- lol 32 * 5
(1, 7, 1, 0, NOW(), NOW()),    -- Team Matrix
(2, 7, 1, 0, NOW(), NOW()),    -- Team Matrix
(3, 7, 1, 1, NOW(), NOW()),    -- Team Matrix
(4, 7, 1, 0, NOW(), NOW()),    -- Team Matrix
-- (5, 7, 1, 1, NOW(), NOW()),
-- (6, 7, 1, 0, NOW(), NOW()),
-- (7, 7, 1, 0, NOW(), NOW()),
-- (8, 7, 1, 0, NOW(), NOW()),
(9, 7, 1, 0, NOW(), NOW()),
(10, 7, 2, 1, NOW(), NOW()),
(11, 7, 2, 0, NOW(), NOW()),
(12, 7, 2, 0, NOW(), NOW()),
(13, 7, 2, 0, NOW(), NOW()),
(14, 7, 2, 0, NOW(), NOW()),
(15, 7, 3, 1, NOW(), NOW()),
(16, 7, 3, 0, NOW(), NOW()),
(17, 7, 3, 0, NOW(), NOW()),
(18, 7, 3, 0, NOW(), NOW()),
(19, 7, 3, 0, NOW(), NOW()),
(20, 7, 4, 1, NOW(), NOW()),
(21, 7, 4, 0, NOW(), NOW()),
(22, 7, 4, 0, NOW(), NOW()),
(23, 7, 4, 0, NOW(), NOW()),
(24, 7, 4, 0, NOW(), NOW()),
(25, 7, 5, 1, NOW(), NOW()),
(26, 7, 5, 0, NOW(), NOW()),
(27, 7, 5, 0, NOW(), NOW()),
(28, 7, 5, 0, NOW(), NOW()),
(29, 7, 5, 0, NOW(), NOW()),
(30, 7, 6, 1, NOW(), NOW()),
(31, 7, 6, 0, NOW(), NOW()),
(32, 7, 6, 0, NOW(), NOW()),
(33, 7, 6, 0, NOW(), NOW()),
(34, 7, 6, 0, NOW(), NOW()),
(35, 7, 7, 1, NOW(), NOW()),
(36, 7, 7, 0, NOW(), NOW()),
(37, 7, 7, 0, NOW(), NOW()),
(38, 7, 7, 0, NOW(), NOW()),
(39, 7, 7, 0, NOW(), NOW()),
(40, 7, 8, 1, NOW(), NOW()),
(41, 7, 8, 0, NOW(), NOW()),
(42, 7, 8, 0, NOW(), NOW()),
(43, 7, 8, 0, NOW(), NOW()),
(44, 7, 8, 0, NOW(), NOW()),
(45, 7, 9, 1, NOW(), NOW()),
(46, 7, 9, 0, NOW(), NOW()),
(47, 7, 9, 0, NOW(), NOW()),
(48, 7, 9, 0, NOW(), NOW()),
(49, 7, 9, 0, NOW(), NOW()),
(50, 7, 10, 1, NOW(), NOW()),
(51, 7, 10, 0, NOW(), NOW()),
(52, 7, 10, 0, NOW(), NOW()),
(53, 7, 10, 0, NOW(), NOW()),
(54, 7, 10, 0, NOW(), NOW()),
(55, 7, 11, 1, NOW(), NOW()),
(56, 7, 11, 0, NOW(), NOW()),
(57, 7, 11, 0, NOW(), NOW()),
(58, 7, 11, 0, NOW(), NOW()),
(59, 7, 11, 0, NOW(), NOW()),
(60, 7, 12, 1, NOW(), NOW()),
(61, 7, 12, 0, NOW(), NOW()),
(62, 7, 12, 0, NOW(), NOW()),
(63, 7, 12, 0, NOW(), NOW()),
(64, 7, 12, 0, NOW(), NOW()),
(65, 7, 13, 1, NOW(), NOW()),
(66, 7, 13, 0, NOW(), NOW()),
(67, 7, 13, 0, NOW(), NOW()),
(68, 7, 13, 0, NOW(), NOW()),
(69, 7, 13, 0, NOW(), NOW()),
(70, 7, 14, 1, NOW(), NOW()),
(71, 7, 14, 0, NOW(), NOW()),
(72, 7, 14, 0, NOW(), NOW()),
(73, 7, 14, 0, NOW(), NOW()),
(74, 7, 14, 0, NOW(), NOW()),
(75, 7, 15, 1, NOW(), NOW()),
(76, 7, 15, 0, NOW(), NOW()),
(77, 7, 15, 0, NOW(), NOW()),
(78, 7, 15, 0, NOW(), NOW()),
(79, 7, 15, 0, NOW(), NOW()),
(80, 7, 16, 1, NOW(), NOW()),
(81, 7, 16, 0, NOW(), NOW()),
(82, 7, 16, 0, NOW(), NOW()),
(83, 7, 16, 0, NOW(), NOW()),
(84, 7, 16, 0, NOW(), NOW()),
(85, 7, 17, 1, NOW(), NOW()),
(86, 7, 17, 0, NOW(), NOW()),
(87, 7, 17, 0, NOW(), NOW()),
(88, 7, 17, 0, NOW(), NOW()),
(89, 7, 17, 0, NOW(), NOW()),
(90, 7, 18, 1, NOW(), NOW()),
(91, 7, 18, 0, NOW(), NOW()),
(92, 7, 18, 0, NOW(), NOW()),
(93, 7, 18, 0, NOW(), NOW()),
(94, 7, 18, 0, NOW(), NOW()),
(95, 7, 19, 1, NOW(), NOW()),
(96, 7, 19, 0, NOW(), NOW()),
(97, 7, 19, 0, NOW(), NOW()),
(98, 7, 19, 0, NOW(), NOW()),
(99, 7, 19, 0, NOW(), NOW()),
(100, 7, 20, 1, NOW(), NOW()),
(101, 7, 20, 0, NOW(), NOW()),
(102, 7, 20, 0, NOW(), NOW()),
(103, 7, 20, 0, NOW(), NOW()),
(104, 7, 20, 0, NOW(), NOW()),
(105, 7, 21, 1, NOW(), NOW()),
(106, 7, 21, 0, NOW(), NOW()),
(107, 7, 21, 0, NOW(), NOW()),
(108, 7, 21, 0, NOW(), NOW()),
(109, 7, 21, 0, NOW(), NOW()),
(110, 7, 22, 1, NOW(), NOW()),
(111, 7, 22, 0, NOW(), NOW()),
(112, 7, 22, 0, NOW(), NOW()),
(113, 7, 22, 0, NOW(), NOW()),
(114, 7, 22, 0, NOW(), NOW()),
(115, 7, 23, 1, NOW(), NOW()),
(116, 7, 23, 0, NOW(), NOW()),
(117, 7, 23, 0, NOW(), NOW()),
(118, 7, 23, 0, NOW(), NOW()),
(119, 7, 23, 0, NOW(), NOW()),
(120, 7, 24, 1, NOW(), NOW()),
(121, 7, 24, 0, NOW(), NOW()),
(122, 7, 24, 0, NOW(), NOW()),
(123, 7, 24, 0, NOW(), NOW()),
(124, 7, 24, 0, NOW(), NOW()),
(125, 7, 25, 1, NOW(), NOW()),
(126, 7, 25, 0, NOW(), NOW()),
(127, 7, 25, 0, NOW(), NOW()),
(128, 7, 25, 0, NOW(), NOW()),
(129, 7, 25, 0, NOW(), NOW()),
(130, 7, 26, 1, NOW(), NOW()),
(131, 7, 26, 0, NOW(), NOW()),
(132, 7, 26, 0, NOW(), NOW()),
(133, 7, 26, 0, NOW(), NOW()),
(134, 7, 26, 0, NOW(), NOW()),
(135, 7, 27, 1, NOW(), NOW()),
(136, 7, 27, 0, NOW(), NOW()),
(137, 7, 27, 0, NOW(), NOW()),
(138, 7, 27, 0, NOW(), NOW()),
(139, 7, 27, 0, NOW(), NOW()),
(140, 7, 28, 1, NOW(), NOW()),
(141, 7, 28, 0, NOW(), NOW()),
(142, 7, 28, 0, NOW(), NOW()),
(143, 7, 28, 0, NOW(), NOW()),
(144, 7, 28, 0, NOW(), NOW()),
(145, 7, 29, 1, NOW(), NOW()),
(146, 7, 29, 0, NOW(), NOW()),
(147, 7, 29, 0, NOW(), NOW()),
(148, 7, 29, 0, NOW(), NOW()),
(149, 7, 29, 0, NOW(), NOW()),
(150, 7, 30, 1, NOW(), NOW()),
(151, 7, 30, 0, NOW(), NOW()),
(152, 7, 30, 0, NOW(), NOW()),
(153, 7, 30, 0, NOW(), NOW()),
(154, 7, 30, 0, NOW(), NOW()),
(155, 7, 31, 1, NOW(), NOW()),
(156, 7, 31, 0, NOW(), NOW()),
(157, 7, 31, 0, NOW(), NOW()),
(158, 7, 31, 0, NOW(), NOW()),
(159, 7, 31, 0, NOW(), NOW()),
(160, 7, 32, 1, NOW(), NOW()),
(161, 7, 32, 0, NOW(), NOW()),
(162, 7, 32, 0, NOW(), NOW()),
(163, 7, 32, 0, NOW(), NOW()),
(164, 7, 32, 0, NOW(), NOW()),
-- lol 16 * 5
(165, 7, 33, 1, NOW(), NOW()),
(166, 7, 33, 0, NOW(), NOW()),
(167, 7, 33, 0, NOW(), NOW()),
(168, 7, 33, 0, NOW(), NOW()),
(169, 7, 33, 0, NOW(), NOW()),
(170, 7, 34, 1, NOW(), NOW()),
(171, 7, 34, 0, NOW(), NOW()),
(172, 7, 34, 0, NOW(), NOW()),
(173, 7, 34, 0, NOW(), NOW()),
(174, 7, 34, 0, NOW(), NOW()),
(175, 7, 35, 1, NOW(), NOW()),
(176, 7, 35, 0, NOW(), NOW()),
(177, 7, 35, 0, NOW(), NOW()),
(178, 7, 35, 0, NOW(), NOW()),
(179, 7, 35, 0, NOW(), NOW()),
(180, 7, 36, 1, NOW(), NOW()),
(181, 7, 36, 0, NOW(), NOW()),
(182, 7, 36, 0, NOW(), NOW()),
(183, 7, 36, 0, NOW(), NOW()),
(184, 7, 36, 0, NOW(), NOW()),
(185, 7, 37, 1, NOW(), NOW()),
(186, 7, 37, 0, NOW(), NOW()),
(187, 7, 37, 0, NOW(), NOW()),
(188, 7, 37, 0, NOW(), NOW()),
(189, 7, 37, 0, NOW(), NOW()),
(190, 7, 38, 1, NOW(), NOW()),
(191, 7, 38, 0, NOW(), NOW()),
(192, 7, 38, 0, NOW(), NOW()),
(193, 7, 38, 0, NOW(), NOW()),
(194, 7, 38, 0, NOW(), NOW()),
(195, 7, 39, 1, NOW(), NOW()),
(196, 7, 39, 0, NOW(), NOW()),
(197, 7, 39, 0, NOW(), NOW()),
(198, 7, 39, 0, NOW(), NOW()),
(199, 7, 39, 0, NOW(), NOW()),
(200, 7, 40, 1, NOW(), NOW()),
(201, 7, 40, 0, NOW(), NOW()),
(202, 7, 40, 0, NOW(), NOW()),
(203, 7, 40, 0, NOW(), NOW()),
(204, 7, 40, 0, NOW(), NOW()),
(205, 7, 41, 1, NOW(), NOW()),
(206, 7, 41, 0, NOW(), NOW()),
(207, 7, 41, 0, NOW(), NOW()),
(208, 7, 41, 0, NOW(), NOW()),
(209, 7, 41, 0, NOW(), NOW()),
(210, 7, 42, 1, NOW(), NOW()),
(211, 7, 42, 0, NOW(), NOW()),
(212, 7, 42, 0, NOW(), NOW()),
(213, 7, 42, 0, NOW(), NOW()),
(214, 7, 42, 0, NOW(), NOW()),
(215, 7, 43, 1, NOW(), NOW()),
(216, 7, 43, 0, NOW(), NOW()),
(217, 7, 43, 0, NOW(), NOW()),
(218, 7, 43, 0, NOW(), NOW()),
(219, 7, 43, 0, NOW(), NOW()),
(220, 7, 44, 1, NOW(), NOW()),
(221, 7, 44, 0, NOW(), NOW()),
(222, 7, 44, 0, NOW(), NOW()),
(223, 7, 44, 0, NOW(), NOW()),
(224, 7, 44, 0, NOW(), NOW()),
(225, 7, 45, 1, NOW(), NOW()),
(226, 7, 45, 0, NOW(), NOW()),
(227, 7, 45, 0, NOW(), NOW()),
(228, 7, 45, 0, NOW(), NOW()),
(229, 7, 45, 0, NOW(), NOW()),
(230, 7, 46, 1, NOW(), NOW()),
(231, 7, 46, 0, NOW(), NOW()),
(232, 7, 46, 0, NOW(), NOW()),
(233, 7, 46, 0, NOW(), NOW()),
(234, 7, 46, 0, NOW(), NOW()),
(235, 7, 47, 1, NOW(), NOW()),
(236, 7, 47, 0, NOW(), NOW()),
(237, 7, 47, 0, NOW(), NOW()),
(238, 7, 47, 0, NOW(), NOW()),
(239, 7, 47, 0, NOW(), NOW()),
(240, 7, 48, 1, NOW(), NOW()),
(241, 7, 48, 0, NOW(), NOW()),
(242, 7, 48, 0, NOW(), NOW()),
(243, 7, 48, 0, NOW(), NOW()),
(244, 7, 48, 0, NOW(), NOW()),
-- fortnite 25 * 4
(1, 1, 49, 0, NOW(), NOW()),    -- Team Matrix
(2, 1, 49, 0, NOW(), NOW()),    -- Team Matrix
(3, 1, 49, 1, NOW(), NOW()),    -- Team Matrix
(4, 1, 49, 0, NOW(), NOW()),    -- Team Matrix
-- (245, 1, 49, 1, NOW(), NOW()),
-- (246, 1, 49, 0, NOW(), NOW()),
-- (247, 1, 49, 0, NOW(), NOW()),
-- (248, 1, 49, 0, NOW(), NOW()),
(249, 1, 50, 1, NOW(), NOW()),
(250, 1, 50, 0, NOW(), NOW()),
(251, 1, 50, 0, NOW(), NOW()),
(252, 1, 50, 0, NOW(), NOW()),
(253, 1, 51, 1, NOW(), NOW()),
(254, 1, 51, 0, NOW(), NOW()),
(255, 1, 51, 0, NOW(), NOW()),
(256, 1, 51, 0, NOW(), NOW()),
(257, 1, 52, 1, NOW(), NOW()),
(258, 1, 52, 0, NOW(), NOW()),
(259, 1, 52, 0, NOW(), NOW()),
(260, 1, 52, 0, NOW(), NOW()),
(261, 1, 53, 1, NOW(), NOW()),
(262, 1, 53, 0, NOW(), NOW()),
(263, 1, 53, 0, NOW(), NOW()),
(264, 1, 53, 0, NOW(), NOW()),
(265, 1, 54, 1, NOW(), NOW()),
(266, 1, 54, 0, NOW(), NOW()),
(267, 1, 54, 0, NOW(), NOW()),
(268, 1, 54, 0, NOW(), NOW()),
(269, 1, 55, 1, NOW(), NOW()),
(270, 1, 55, 0, NOW(), NOW()),
(271, 1, 55, 0, NOW(), NOW()),
(272, 1, 55, 0, NOW(), NOW()),
(273, 1, 56, 1, NOW(), NOW()),
(274, 1, 56, 0, NOW(), NOW()),
(275, 1, 56, 0, NOW(), NOW()),
(276, 1, 56, 0, NOW(), NOW()),
(277, 1, 57, 1, NOW(), NOW()),
(278, 1, 57, 0, NOW(), NOW()),
(279, 1, 57, 0, NOW(), NOW()),
(280, 1, 57, 0, NOW(), NOW()),
(281, 1, 58, 1, NOW(), NOW()),
(282, 1, 58, 0, NOW(), NOW()),
(283, 1, 58, 0, NOW(), NOW()),
(284, 1, 58, 0, NOW(), NOW()),
(285, 1, 59, 1, NOW(), NOW()),
(286, 1, 59, 0, NOW(), NOW()),
(287, 1, 59, 0, NOW(), NOW()),
(288, 1, 59, 0, NOW(), NOW()),
(289, 1, 60, 1, NOW(), NOW()),
(290, 1, 60, 0, NOW(), NOW()),
(291, 1, 60, 0, NOW(), NOW()),
(292, 1, 60, 0, NOW(), NOW()),
(293, 1, 61, 1, NOW(), NOW()),
(294, 1, 61, 0, NOW(), NOW()),
(295, 1, 61, 0, NOW(), NOW()),
(296, 1, 61, 0, NOW(), NOW()),
(297, 1, 62, 1, NOW(), NOW()),
(298, 1, 62, 0, NOW(), NOW()),
(299, 1, 62, 0, NOW(), NOW()),
(300, 1, 62, 0, NOW(), NOW()),
(301, 1, 63, 1, NOW(), NOW()),
(302, 1, 63, 0, NOW(), NOW()),
(303, 1, 63, 0, NOW(), NOW()),
(304, 1, 63, 0, NOW(), NOW()),
(305, 1, 64, 1, NOW(), NOW()),
(306, 1, 64, 0, NOW(), NOW()),
(307, 1, 64, 0, NOW(), NOW()),
(308, 1, 64, 0, NOW(), NOW()),
(309, 1, 65, 1, NOW(), NOW()),
(310, 1, 65, 0, NOW(), NOW()),
(311, 1, 65, 0, NOW(), NOW()),
(312, 1, 65, 0, NOW(), NOW()),
(313, 1, 66, 1, NOW(), NOW()),
(314, 1, 66, 0, NOW(), NOW()),
(315, 1, 66, 0, NOW(), NOW()),
(316, 1, 66, 0, NOW(), NOW()),
(317, 1, 67, 1, NOW(), NOW()),
(318, 1, 67, 0, NOW(), NOW()),
(319, 1, 67, 0, NOW(), NOW()),
(320, 1, 67, 0, NOW(), NOW()),
(321, 1, 68, 1, NOW(), NOW()),
(322, 1, 68, 0, NOW(), NOW()),
(323, 1, 68, 0, NOW(), NOW()),
(324, 1, 68, 0, NOW(), NOW()),
(325, 1, 69, 1, NOW(), NOW()),
(326, 1, 69, 0, NOW(), NOW()),
(327, 1, 69, 0, NOW(), NOW()),
(328, 1, 69, 0, NOW(), NOW()),
(329, 1, 70, 1, NOW(), NOW()),
(330, 1, 70, 0, NOW(), NOW()),
(331, 1, 70, 0, NOW(), NOW()),
(332, 1, 70, 0, NOW(), NOW()),
(333, 1, 71, 1, NOW(), NOW()),
(334, 1, 71, 0, NOW(), NOW()),
(335, 1, 71, 0, NOW(), NOW()),
(336, 1, 71, 0, NOW(), NOW()),
(337, 1, 72, 1, NOW(), NOW()),
(338, 1, 72, 0, NOW(), NOW()),
(339, 1, 72, 0, NOW(), NOW()),
(340, 1, 72, 0, NOW(), NOW()),
(341, 1, 73, 1, NOW(), NOW()),
(342, 1, 73, 0, NOW(), NOW()),
(343, 1, 73, 0, NOW(), NOW()),
(344, 1, 73, 0, NOW(), NOW()),
-- fortnite 50 * 2
(345, 1, 74, 1, NOW(), NOW()),
(346, 1, 74, 0, NOW(), NOW()),
(347, 1, 75, 1, NOW(), NOW()),
(348, 1, 75, 0, NOW(), NOW()),
(349, 1, 76, 1, NOW(), NOW()),
(350, 1, 76, 0, NOW(), NOW()),
(351, 1, 77, 1, NOW(), NOW()),
(352, 1, 77, 0, NOW(), NOW()),
(353, 1, 78, 1, NOW(), NOW()),
(354, 1, 78, 0, NOW(), NOW()),
(355, 1, 79, 1, NOW(), NOW()),
(356, 1, 79, 0, NOW(), NOW()),
(357, 1, 80, 1, NOW(), NOW()),
(358, 1, 80, 0, NOW(), NOW()),
(359, 1, 81, 1, NOW(), NOW()),
(360, 1, 81, 0, NOW(), NOW()),
(361, 1, 82, 1, NOW(), NOW()),
(362, 1, 82, 0, NOW(), NOW()),
(363, 1, 83, 1, NOW(), NOW()),
(364, 1, 83, 0, NOW(), NOW()),
(365, 1, 84, 1, NOW(), NOW()),
(366, 1, 84, 0, NOW(), NOW()),
(367, 1, 85, 1, NOW(), NOW()),
(368, 1, 85, 0, NOW(), NOW()),
(369, 1, 86, 1, NOW(), NOW()),
(370, 1, 86, 0, NOW(), NOW()),
(371, 1, 87, 1, NOW(), NOW()),
(372, 1, 87, 0, NOW(), NOW()),
(373, 1, 88, 1, NOW(), NOW()),
(374, 1, 88, 0, NOW(), NOW()),
(375, 1, 89, 1, NOW(), NOW()),
(376, 1, 89, 0, NOW(), NOW()),
(377, 1, 90, 1, NOW(), NOW()),
(378, 1, 90, 0, NOW(), NOW()),
(379, 1, 91, 1, NOW(), NOW()),
(380, 1, 91, 0, NOW(), NOW()),
(381, 1, 92, 1, NOW(), NOW()),
(382, 1, 92, 0, NOW(), NOW()),
(383, 1, 93, 1, NOW(), NOW()),
(384, 1, 93, 0, NOW(), NOW()),
(385, 1, 94, 1, NOW(), NOW()),
(386, 1, 94, 0, NOW(), NOW()),
(387, 1, 95, 1, NOW(), NOW()),
(388, 1, 95, 0, NOW(), NOW()),
(389, 1, 96, 1, NOW(), NOW()),
(390, 1, 96, 0, NOW(), NOW()),
(391, 1, 97, 1, NOW(), NOW()),
(392, 1, 97, 0, NOW(), NOW()),
(393, 1, 98, 1, NOW(), NOW()),
(394, 1, 98, 0, NOW(), NOW()),
(395, 1, 99, 1, NOW(), NOW()),
(396, 1, 99, 0, NOW(), NOW()),
(397, 1, 100, 1, NOW(), NOW()),
(398, 1, 100, 0, NOW(), NOW()),
(399, 1, 101, 1, NOW(), NOW()),
(400, 1, 101, 0, NOW(), NOW()),
(401, 1, 102, 1, NOW(), NOW()),
(402, 1, 102, 0, NOW(), NOW()),
(403, 1, 103, 1, NOW(), NOW()),
(404, 1, 103, 0, NOW(), NOW()),
(405, 1, 104, 1, NOW(), NOW()),
(406, 1, 104, 0, NOW(), NOW()),
(407, 1, 105, 1, NOW(), NOW()),
(408, 1, 105, 0, NOW(), NOW()),
(409, 1, 106, 1, NOW(), NOW()),
(410, 1, 106, 0, NOW(), NOW()),
(411, 1, 107, 1, NOW(), NOW()),
(412, 1, 107, 0, NOW(), NOW()),
(413, 1, 108, 1, NOW(), NOW()),
(414, 1, 108, 0, NOW(), NOW()),
(415, 1, 109, 1, NOW(), NOW()),
(416, 1, 109, 0, NOW(), NOW()),
(417, 1, 110, 1, NOW(), NOW()),
(418, 1, 110, 0, NOW(), NOW()),
(419, 1, 111, 1, NOW(), NOW()),
(420, 1, 111, 0, NOW(), NOW()),
(421, 1, 112, 1, NOW(), NOW()),
(422, 1, 112, 0, NOW(), NOW()),
(423, 1, 113, 1, NOW(), NOW()),
(424, 1, 113, 0, NOW(), NOW()),
(425, 1, 114, 1, NOW(), NOW()),
(426, 1, 114, 0, NOW(), NOW()),
(427, 1, 115, 1, NOW(), NOW()),
(428, 1, 115, 0, NOW(), NOW()),
(429, 1, 116, 1, NOW(), NOW()),
(430, 1, 116, 0, NOW(), NOW()),
(431, 1, 117, 1, NOW(), NOW()),
(432, 1, 117, 0, NOW(), NOW()),
(433, 1, 118, 1, NOW(), NOW()),
(434, 1, 118, 0, NOW(), NOW()),
(435, 1, 119, 1, NOW(), NOW()),
(436, 1, 119, 0, NOW(), NOW()),
(437, 1, 120, 1, NOW(), NOW()),
(438, 1, 120, 0, NOW(), NOW()),
(439, 1, 121, 1, NOW(), NOW()),
(440, 1, 121, 0, NOW(), NOW()),
(441, 1, 122, 1, NOW(), NOW()),
(442, 1, 122, 0, NOW(), NOW()),
(443, 1, 123, 1, NOW(), NOW()),
(444, 1, 123, 0, NOW(), NOW());


-- Message
INSERT INTO gamehub.message (Body, IDTeam, IDUser, DateSent) VALUES
-- Team Matrix
("Hey team, let's focus on objectives this round!", 1, 1, "2023-01-30"),
("Anyone got a spare medkit? I'm low on health.", 1, 4, "2022-11-28"),
("Nice shot, sniper! Keep 'em coming!", 1, 4, "2022-12-01"),
("We need backup at Point B ASAP!", 1, 4, "2023-11-02"),
("Watch out for the enemy flank on the left!", 1, 1, "2022-11-10"),
("Don't forget to buy armor before the next round!", 1, 4, "2023-04-05"),
("Can someone cover me while I plant the bomb?", 1, 1, "2023-01-10"),
("GG, well played everyone!", 1, 1, "2024-05-30"),
("Let's coordinate our ultimates for the next team fight.", 1, 2, "2024-02-08"),
("I'll take point, follow my lead.", 1, 1, "2023-04-05"),
("Enemy spotted at 12 o'clock!", 1, 1, "2022-10-18"),
("Who's got eyes on the objective?", 1, 3, "2023-08-02"),
("Need backup at our base, they're pushing hard.", 1, 3, "2023-03-05"),
("Don't rush in alone, wait for backup!", 1, 4, "2023-04-20"),
("I'm down, need a revive at Point C.", 1, 4, "2022-01-01"),
("Anyone got spare ammo? Running low here.", 1, 1, "2022-06-20"),
("Nice flank, let's keep the pressure on!", 1, 2, "2023-01-14"),
("Stay frosty, they might be baiting us.", 1, 3, "2022-12-05"),
("Let's regroup and push together.", 1, 1, "2023-03-20"),
("Heads up, enemy team has a sniper.", 1, 3, "2023-10-22"),
("Objective secured, good job team!", 1, 1, "2022-11-20"),
("Cover me while I defuse the bomb.", 1, 1, "2024-02-18"),
("Focus fire on the tank, take it down!", 1, 3, "2023-08-10"),
("I'm pinned down, need backup ASAP!", 1, 3, "2023-01-25"),
("Nice teamwork, guys! Keep it up!", 1, 4, "2023-03-25"),
("Enemy team has a healer, target them first.", 1, 2, "2024-04-01"),
("Need someone to grab the flag, who's in?", 1, 3, "2023-04-08"),
("Watch out for traps around the corner!", 1, 2, "2022-05-30"),
("We're falling behind, let's pick up the pace.", 1, 4, "2024-05-20"),
("Ultimate ability ready, let's make it count!", 1, 1, "2023-08-10"),
("We're almost there, just one more push!", 1, 3, "2022-08-05"),
("Keep an eye on the clock, time's running out.", 1, 1, "2022-10-18"),
("Let's bait them into a choke point ambush.", 1, 2, "2022-05-30"),
("Enemy team is on a killing spree, watch out!", 1, 4, "2023-01-25"),
("Nice distraction, gave us time to flank.", 1, 3, "2023-11-02"),
("Someone grab the power-up, it's respawned!", 1, 1, "2023-08-10"),
("Good call on the retreat, we'll regroup.", 1, 3, "2022-05-15"),
("Need backup defending the payload.", 1, 2, "2022-12-05"),
("Enemy team has a strong defense, any ideas?", 1, 2, "2022-05-05"),
("We're in the lead, let's maintain the pressure.", 1, 1, "2023-03-30"),
-- Team Tryhards
("We need to contest the objective, don't give up!", 2, 2, "2023-09-05"),
("Objective lost, but we can still turn this around.", 2, 2, "2022-04-18"),
("Nice headshot, sniper! Keep 'em coming!", 2, 2, "2022-11-10"),
("Don't trickle in one by one, group up!", 2, 2, "2023-08-15"),
("We've got the high ground, use it to our advantage.", 2, 2, "2022-02-10"),
("I'm down, need a revive at Point A.", 2, 8, "2023-09-25"),
("Stay calm and focused, we've got this!", 2, 6, "2022-07-15"),
("Anyone know where the enemy healer is hiding?", 2, 7, "2022-07-25"),
("Let's try a different strategy, this one's not working.", 2, 2, "2023-09-18"),
("We're losing control, let's tighten up our defense.", 2, 2, "2022-05-05"),
("Nice kill streak, keep it up!", 2, 6, "2022-04-18"),
("Watch out for enemy traps, they're sneaky.", 2, 8, "2023-03-05"),
("Enemy team is grouping up, get ready for a team fight.", 2, 2, "2022-12-12"),
("Objective contested, let's hold our ground!", 2, 2, "2022-10-18"),
("Stay together, don't get picked off one by one.", 2, 7, "2022-11-28"),
("Ultimate ability charged, ready to unleash hell!", 2, 7, "2022-09-15"),
("Enemy team has a shield tank, focus fire!", 2, 7, "2023-12-08"),
("Need backup capturing the point, they're contesting hard.", 2, 8, "2022-04-18"),
("Good job taking out their healer, it's payback time!", 2, 8, "2023-04-02"),
("Keep an eye on the mini-map for enemy movements.", 2, 2, "2023-10-08"),
-- Team G2
("We're behind, but not out. Let's rally!", 3, 25, "2024-05-14"),
("I'm out of grenades, anyone got a spare?", 3, 31, "2023-02-20"),
("Let's bait them into overextending, then punish them.", 3, 19, "2022-07-01"),
("We're losing control, let's tighten up our defense.", 3, 29, "2022-12-05"),
("Nice save, healer! You're a lifesaver.", 3, 30, "2022-06-25"),
("Enemy team is on the back foot, let's push harder!", 3, 13, "2023-10-30"),
("Keep communication clear and concise, team.", 3, 27, "2024-01-28"),
("We're behind, but not out. Let's rally!", 3, 10, "2024-02-02"),
("I'm out of grenades, anyone got a spare?", 3, 20, "2022-08-30"),
("Let's bait them into overextending, then punish them.", 3, 18, "2023-02-20"),
-- Team Se7en
("We're losing control, let's tighten up our defense.", 4, 20, "2023-09-28"),
("Nice save, healer! You're a lifesaver.", 4, 14, "2023-12-08"),
("Enemy team is on the back foot, let's push harder!", 4, 22, "2023-10-30"),
("Keep communication clear and concise, team.", 4, 27, "2023-04-20"),
("We're behind, but not out. Let's rally!", 4, 17, "2022-06-20"),
("I'm out of grenades, anyone got a spare?", 4, 15, "2022-07-20"),
("Let's bait them into overextending, then punish them.", 4, 24, "2022-09-05"),
("We're losing control, let's tighten up our defense.", 4, 28, "2023-05-10"),
("Nice save, healer! You're a lifesaver.", 4, 34, "2023-03-12"),
("Enemy team is on the back foot, let's push harder!", 4, 27, "2023-02-14"),
("Keep communication clear and concise, team.", 4, 26, "2022-07-20");

-- Moderates
INSERT INTO gamehub.moderates (IDForum, IDMod, DatePromoted, IDAdmin) VALUES
(7, 5, NOW(), 3),
(1, 6, NOW(), 1),
(7, 7, NOW(), 2),
(8, 8, NOW(), 4),
(1, 9, NOW(), 3),
(6, 10, NOW(), 4),
(2, 11, NOW(), 3),
(7, 12, NOW(), 1),
(1, 13, NOW(), 4),
(5, 14, NOW(), 3);

-- Request to join
INSERT INTO gamehub.request_to_join (IDUser, IDTeam, RequestDate) VALUES
(19, 4, NOW()),
(22, 2, NOW()),
(16, 2, NOW()),
(27, 4, NOW()),
(27, 2, NOW()),
(29, 1, NOW()),
(23, 2, NOW()),
(20, 3, NOW()),
(21, 1, NOW()),
(25, 2, NOW()),
(30, 3, NOW()),
(23, 3, NOW()),
(29, 2, NOW()),
(19, 2, NOW()),
(30, 1, NOW()),
(18, 3, NOW());

-- Forum number of players
INSERT INTO gamehub.forum_num_of_players (IDForum, NumberOfPlayers) VALUES
-- Fortnite
(1, 1),
(1, 2),
(1, 4),
-- Apex Legends
(2, 3),
-- Valorant
(4, 5),
-- Counter-Strike 2
(5, 5),
-- Dota 2
(6, 5),
-- League of Legends
(7, 5),
-- World of Warcraft
(3, 3),
(3, 10),
-- PUBG
(9, 1),
(9, 2),
(9, 4);

-- Tournament
INSERT INTO gamehub.tournament (Name, StartDate, NumberOfPlaces, Format, IDForumNumOfPlayers, RewardValue, RewardCurrency, DateCreated, Status, IDUser) VALUES
-- Fortnite
("Epic Fortnite Tournament", '2024-05-20 17:00:00', 25, 'Points', 3, 100, '$', '2024-01-07', 'IN_PROGRESS', 4),
("Fortnite for pro players", '2024-05-25 19:00:00', 50, 'Points', 2, 100, '$', NOW(), 'NOT_STARTED', 1),
("Fortnite solo", '2024-07-15 15:00:00', 100, 'Points', 1, 400, "V-Bucks", NOW(), 'NOT_STARTED', 2),
-- Apex Legends
("Apex Legends Tournament", NOW(), 20, 'Points', 4, 3000, "Apex Coins", NOW(), 'IN_PROGRESS', 1),
("Sweaty Apex", '2023-12-20', 20, 'Points', 4, 10000, "Apex Coins", '2023-12-01', 'FINISHED', 3),
("Pro Apex", NOW(), 20, 'Points', 4, 10000, "$", '2024-04-20', 'IN_PROGRESS', 2),
("Best Apex Tournament", NOW(), 20, 'Points', 4, 100, '$', NOW(), 'IN_PROGRESS', 11),
('My Apex', '2023-07-08', 20, 'Points', 4, 0, '$', '2023-06-06', 'FINISHED', 11),
('GLHF Apex', NOW(), 20, 'Points', 4, 1000, 'Apex Coins', '2024-05-07', 'IN_PROGRESS', 1),
('Soaked in Apex', NOW(), 20, 'Points', 4, 7500, 'Apex Coins', NOW(), 'IN_PROGRESS', 1),
-- World of Warcraft
('WoW Tournament', NOW(), 5, 'Points', 9, 1, '$', NOW(), 'IN_PROGRESS', 4),
-- Valorant
('Valorant Tournament', "2024-06-10", 16, 'Best of 1', 5, 100, "$", "2023-10-15", 'IN_PROGRESS', 1),
('Pro Valorant', "2023-08-20", 32, 'Best of 3', 5, 10000, '$', "2023-01-28", 'FINISHED', 2),
('My Valorant', "2023-11-05", 8, 'Best of 3', 5, 1, '$', "2023-03-20", 'IN_PROGRESS', 2),
('Need for Speed', "2023-09-12", 2, 'Best of 5', 5, 0, '$', "2023-05-30", 'FINISHED', 2),
-- Counter-Strike 2
('Too much for zblock', "2024-02-28", 16, 'Best of 5', 6, 500, '$(Steam wallet)', "2023-12-10", 'IN_PROGRESS', 1),
('All the way through Ivy', "2024-01-20", 16, 'Best of 5', 6, 100, '$(Steam wallet)', "2023-09-05", 'IN_PROGRESS', 1),
('Out middle', "2023-07-25", 8, 'Best of 1', 6, 100, '$', "2023-04-18", 'IN_PROGRESS', 1),
('Through our connector', "2023-10-08", 8, 'Best of 3', 6, 1000, '$', "2023-06-15", 'IN_PROGRESS', 1),
-- Dota 2
('Dota 2 Pro', "2023-06-30", 16, 'Best of 3', 7, 10, '$', "2023-01-22", 'IN_PROGRESS', 3),
-- League of Legends
('League of Leagues', "2024-05-15 15:00:00", 32, 'Best of 5', 8, 10, '$', "2023-11-28", 'IN_PROGRESS', 3),
('LOL Pros Tournament', "2024-05-20 17:00:00", 32, 'Best of 3', 8, 200, '$', "2023-11-28", 'NOT_STARTED', 3),
('LOL Mini Tournament', "2024-05-25 19:00:00", 16, 'Best of 1', 8, 1000, 'RP', "2023-11-28", 'NOT_STARTED', 3);

-- Participate
INSERT INTO gamehub.participate (IDTeam, IDTour, Position, Points) VALUES
-- lol 32
(1, 22, -1, 0),
(2, 22, -1, 0),
(3, 22, -1, 0),
(4, 22, -1, 0),
(5, 22, -1, 0),
(6, 22, -1, 0),
(7, 22, -1, 0),
(8, 22, -1, 0),
(9, 22, -1, 0),
(10, 22, -1, 0),
(11, 22, -1, 0),
(12, 22, -1, 0),
(13, 22, -1, 0),
(14, 22, -1, 0),
(15, 22, -1, 0),
(16, 22, -1, 0),
(17, 22, -1, 0),
(18, 22, -1, 0),
(19, 22, -1, 0),
(20, 22, -1, 0),
(21, 22, -1, 0),
(22, 22, -1, 0),
(23, 22, -1, 0),
(24, 22, -1, 0),
(25, 22, -1, 0),
(26, 22, -1, 0),
(27, 22, -1, 0),
(28, 22, -1, 0),
(29, 22, -1, 0),
(30, 22, -1, 0),
(31, 22, -1, 0),
(32, 22, -1, 0),
-- lol 16
(33, 23, -1, 0),
(34, 23, -1, 0),
(35, 23, -1, 0),
(36, 23, -1, 0),
(37, 23, -1, 0),
(38, 23, -1, 0),
(39, 23, -1, 0),
(40, 23, -1, 0),
(41, 23, -1, 0),
(42, 23, -1, 0),
(43, 23, -1, 0),
(44, 23, -1, 0),
(45, 23, -1, 0),
(46, 23, -1, 0),
(47, 23, -1, 0),
(48, 23, -1, 0),
-- fortnite 25
(49, 1, -1, 0),
(50, 1, -1, 0),
(51, 1, -1, 0),
(52, 1, -1, 0),
(53, 1, -1, 0),
(54, 1, -1, 0),
(55, 1, -1, 0),
(56, 1, -1, 0),
(57, 1, -1, 0),
(58, 1, -1, 0),
(59, 1, -1, 0),
(60, 1, -1, 0),
(61, 1, -1, 0),
(62, 1, -1, 0),
(63, 1, -1, 0),
(64, 1, -1, 0),
(65, 1, -1, 0),
(66, 1, -1, 0),
(67, 1, -1, 0),
(68, 1, -1, 0),
(69, 1, -1, 0),
(70, 1, -1, 0),
(71, 1, -1, 0),
(72, 1, -1, 0),
(73, 1, -1, 0),
-- fortnite 50
(74, 2, -1, 0),
(75, 2, -1, 0),
(76, 2, -1, 0),
(77, 2, -1, 0),
(78, 2, -1, 0),
(79, 2, -1, 0),
(80, 2, -1, 0),
(81, 2, -1, 0),
(82, 2, -1, 0),
(83, 2, -1, 0),
(84, 2, -1, 0),
(85, 2, -1, 0),
(86, 2, -1, 0),
(87, 2, -1, 0),
(88, 2, -1, 0),
(89, 2, -1, 0),
(90, 2, -1, 0),
(91, 2, -1, 0),
(92, 2, -1, 0),
(93, 2, -1, 0),
(94, 2, -1, 0),
(95, 2, -1, 0),
(96, 2, -1, 0),
(97, 2, -1, 0),
(98, 2, -1, 0),
(99, 2, -1, 0),
(100, 2, -1, 0),
(101, 2, -1, 0),
(102, 2, -1, 0),
(103, 2, -1, 0),
(104, 2, -1, 0),
(105, 2, -1, 0),
(106, 2, -1, 0),
(107, 2, -1, 0),
(108, 2, -1, 0),
(109, 2, -1, 0),
(110, 2, -1, 0),
(111, 2, -1, 0),
(112, 2, -1, 0),
(113, 2, -1, 0),
(114, 2, -1, 0),
(115, 2, -1, 0),
(116, 2, -1, 0),
(117, 2, -1, 0),
(118, 2, -1, 0),
(119, 2, -1, 0),
(120, 2, -1, 0),
(121, 2, -1, 0),
(122, 2, -1, 0),
(123, 2, -1, 0);

-- Notification
INSERT INTO gamehub.notification (IDUser, DateSent) VALUES
(12, '2023-06-20'),
(23, '2023-03-30'),
(28, '2024-10-22'),
(25, '2024-04-20'),
(30, '2025-04-20'),
(1, '2023-06-20'),
(7, '2024-06-05'),
(14, '2022-04-18'),
(26, '2023-06-30'),
(26, '2025-04-20'),
(28, '2022-07-02'),
(34, '2024-02-02'),
(8, '2023-02-28'),
(11, '2024-08-15'),
(20, '2024-08-15'),
(19, '2023-01-05'),
(21, '2024-06-15'),
(34, '2024-10-22'),
(20, '2023-09-05'),
(12, '2023-02-28'),
(22, '2024-12-08'),
(16, '2024-08-10'),
(28, '2022-07-01'),
(16, '2023-09-25'),
(30, '2024-05-20'),
(23, '2022-06-20'),
(9, '2024-12-08'),
(30, '2022-12-12'),
(32, '2022-08-20'),
(10, '2022-06-25'),
(16, '2024-11-02'),
(20, '2022-09-10'),
(15, '2024-11-02'),
(14, '2022-10-01'),
(21, '2023-03-12'),
(24, '2024-10-30'),
(22, '2023-07-18'),
(29, '2023-02-28'),
(31, '2024-01-10'),
(24, '2024-10-22'),
(24, '2022-09-10'),
(3, '2023-03-22'),
(5, '2023-01-10'),
(1, '2024-04-20'),
(9, '2022-02-01'),
(22, '2024-01-10'),
(10, '2023-12-31'),
(21, '2023-01-10'),
(12, '2024-01-28'),
(5, '2024-05-20'),
(15, '2024-05-20'),
(6, '2024-02-18'),
(25, '2023-04-08'),
(16, '2024-04-01'),
(17, '2022-11-20'),
(10, '2025-02-20'),
(30, '2022-09-10'),
(6, '2024-10-30'),
(29, '2022-07-20'),
(33, '2024-03-05'),
(12, '2023-09-05'),
(18, '2022-11-15'),
(7, '2022-02-01'),
(27, '2023-06-30'),
(28, '2023-08-02'),
(10, '2022-11-10'),
(3, '2022-07-25'),
(12, '2023-03-22'),
(17, '2022-07-02'),
(1, '2022-05-01'),
(4, '2024-02-02'),
(22, '2023-01-05'),
(24, '2024-05-20'),
(7, '2025-02-20'),
(19, '2024-07-10'),
(9, '2023-09-25'),
(22, '2024-05-14'),
(6, '2025-04-05'),
(31, '2022-12-05'),
(13, '2022-06-20'),
(6, '2023-08-02'),
(4, '2022-06-25'),
(25, '2023-01-10'),
(10, '2023-01-05'),
(31, '2024-02-02'),
(16, '2022-04-18'),
(19, '2022-07-01'),
(2, '2022-12-05'),
(6, '2023-05-05'),
(7, '2024-04-22'),
(33, '2022-08-30'),
(3, '2023-01-15'),
(27, '2023-04-22'),
(33, '2023-12-31'),
(13, '2023-04-02'),
(13, '2022-12-05'),
(15, '2023-02-20'),
(20, '2022-12-12'),
(29, '2023-04-08'),
(12, '2022-05-05');

-- Forum notification
INSERT INTO gamehub.forum_notification (IDNot, IDPost, IDForum, Type) VALUES
-- Post new
(1, 27, 2, 'POST_NEW'),
(2, 6, 5, 'POST_NEW'),
(3, 12, 8, 'POST_NEW'),
(4, 15, 4, 'POST_NEW'),
(5, 9, 3, 'POST_NEW'),
(6, 29, 1, 'POST_NEW'),
(7, 2, 6, 'POST_NEW'),
(8, 23, 4, 'POST_NEW'),
(9, 33, 3, 'POST_NEW'),
(10, 25, 3, 'POST_NEW'),
(11, 32, 7, 'POST_NEW'),
(12, 3, 2, 'POST_NEW'),
(13, 2, 6, 'POST_NEW'),
(14, 13, 1, 'POST_NEW'),
(15, 27, 2, 'POST_NEW'),
(16, 19, 2, 'POST_NEW'),
(17, 3, 2, 'POST_NEW'),
(18, 7, 4, 'POST_NEW'),
(19, 25, 3, 'POST_NEW'),
(20, 28, 8, 'POST_NEW'),
(21, 10, 6, 'POST_NEW'),
(22, 28, 8, 'POST_NEW'),
(23, 29, 1, 'POST_NEW'),
(24, 23, 4, 'POST_NEW'),
(25, 4, 8, 'POST_NEW'),
(26, 3, 2, 'POST_NEW'),
(27, 21, 1, 'POST_NEW'),
(28, 10, 6, 'POST_NEW'),
(29, 32, 7, 'POST_NEW'),
(30, 6, 5, 'POST_NEW'),
-- Post del
(57, 14, 5, 'POST_DEL'),
(60, 22, 5, 'POST_DEL'),
(32, 31, 4, 'POST_DEL'),
-- Mod deleted
(31, NULL, 1, 'MOD_DELETED'),
(33, NULL, 4, 'MOD_DELETED'),
(43, NULL, 1, 'MOD_DELETED');

-- Tour notification
-- INSERT INTO gamehub.tour_notification (IDNot, IDTour, Type) VALUES
-- ();

-- Team notification
-- INSERT INTO gamehub.team_notification (IDNot, IDTeam, IDUser, Type) VALUES
-- ();

-- User participated
-- INSERT INTO gamehub.user_participated (IDPar, IDUser) VALUES
-- ();







